;X;File_name;Com_number;S_number;Signal;S_start_T_V;S_end_T_V;S_duration_V;S_Dur_ana;Signal_record;Signal_modality;Body_part;Repetition;Audible;Contact_part;Directionality;Distance_rcp;Object;Laterality;Rcp_Body_part;Sig_gaze;Rcp_position;Rcp_Visual_att;V_Combination;V_Mouth_open;V_Sgn_in_frame;S_Comment;Signaller;Signaller_age;Signaller_sex;Sgn_prior_context;Sgn_post_context;Sgn_olf_signals;Goal;Recipient;Recipient_age;Recipeint_sex;NN_Index;Sex_Dyad;Comment;BhvCh_start_T;BhvCh_start;Voc_rcp_T;Voc_rcp;G_rcp_T;G_rcp
24;45;ZEWACT_081121_Exp2;VEC0005a;VEV0004;Vocalisation;81929;85860;3931;Include;Rumble;NA;NA;NA;NA;NA;NA;NA;NA;NA;NA;NA;NA;NA;Unk;Unk;No;HW not visible;HW;20;Female;Travel;Af_Lit_Greet;Urin_Temp_gland;Greet_unc;KB;20;Female;0.375132225;Same;NA;NA;NA;NA;NA;NA;NA
25;47;ZEWACT_081121_Exp2;VEC0005a;VEV0006;Vocalisation;131238;131951;713;Include;Trumpet;NA;NA;NA;NA;NA;NA;NA;NA;NA;NA;NA;NA;NA;Unk;NV;Yes;Not fully shore it was HW;HW;20;Female;Travel;Af_Lit_Greet;Urin_Temp_gland;Greet_unc;KB;20;Female;0.375132225;Same;NA;NA;NA;NA;NA;NA;NA
38;62;ZEWACT_081121_Exp2;VEC0005b;VEV0008;Vocalisation;142987;146957;3970;Include;Rumble;NA;NA;NA;NA;NA;NA;NA;NA;NA;NA;NA;NA;NA;No;Unk;Yes;Seen in video who voc;KB;20;Female;Travel;Af_Lit_Greet;Urinating;Greet_sgn;HW;20;Female;0.375132225;Same;NA;NA;NA;NA;NA;NA;NA
52;83;ZEWACT_101121_Exp4;VEC0006a;VEV0009;Vocalisation;473611;477669;4058;Include;Rumble;NA;NA;NA;NA;NA;NA;NA;NA;NA;NA;NA;NA;NA;No;Yes;Yes;NA;MN;26;Male;Feeding;Af_Lit_Greet;Urin_Temp_gland;Greet_sgn;TT;40;Female;0.178494222;Different;Tatu not in frame at beginning of greeting;NA;NA;NA;NA;NA;NA
53;84;ZEWACT_101121_Exp4;VEC0006a;VEV0010;Vocalisation;481520;486645;5125;Include;Rumble;NA;NA;NA;NA;NA;NA;NA;NA;NA;NA;NA;NA;NA;No;Yes;Yes;NA;MN;26;Male;Feeding;Af_Lit_Greet;Urin_Temp_gland;Greet_sgn;TT;40;Female;0.178494222;Different;Tatu not in frame at beginning of greeting;NA;NA;NA;NA;NA;NA
54;85;ZEWACT_101121_Exp4;VEC0006a;VEV0011;Vocalisation;505280;509500;4220;Include;Rumble;NA;NA;NA;NA;NA;NA;NA;NA;NA;NA;NA;NA;NA;No;Unk;Yes;NA;MN;26;Male;Feeding;Af_Lit_Greet;Urin_Temp_gland;Greet_sgn;TT;40;Female;0.178494222;Different;Tatu not in frame at beginning of greeting;NA;NA;NA;NA;NA;NA
55;86;ZEWACT_101121_Exp4;VEC0006a;VEV0012;Vocalisation;520203;522448;2245;Include;Trumpet;NA;NA;NA;NA;NA;NA;NA;NA;NA;NA;NA;NA;NA;No;NV;Yes;NA;MN;26;Male;Feeding;Af_Lit_Greet;Urin_Temp_gland;Greet_sgn;TT;40;Female;0.178494222;Different;Tatu not in frame at beginning of greeting;NA;NA;NA;NA;NA;NA
56;87;ZEWACT_101121_Exp4;VEC0006a;VEV0013;Vocalisation;524420;528734;4314;Include;Rumble;NA;NA;NA;NA;NA;NA;NA;NA;NA;NA;NA;NA;NA;No;Yes;Yes;NA;MN;26;Male;Feeding;Af_Lit_Greet;Urin_Temp_gland;Greet_sgn;TT;40;Female;0.178494222;Different;Tatu not in frame at beginning of greeting;NA;NA;NA;NA;NA;NA
57;88;ZEWACT_101121_Exp4;VEC0006a;VEV0014;Vocalisation;529507;531267;1760;Include;Trumpet;NA;NA;NA;NA;NA;NA;NA;NA;NA;NA;NA;NA;NA;No;NV;Yes;NA;MN;26;Male;Feeding;Af_Lit_Greet;Urin_Temp_gland;Greet_sgn;TT;40;Female;0.178494222;Different;Tatu not in frame at beginning of greeting;NA;NA;NA;NA;NA;NA
58;89;ZEWACT_101121_Exp4;VEC0006a;VEV0015;Vocalisation;533500;539268;5768;Include;Rumble;NA;NA;NA;NA;NA;NA;NA;NA;NA;NA;NA;NA;NA;No;Yes;Yes;NA;MN;26;Male;Feeding;Af_Lit_Greet;Urin_Temp_gland;Greet_sgn;TT;40;Female;0.178494222;Different;Tatu not in frame at beginning of greeting;NA;NA;NA;NA;NA;NA
64;95;ZEWACT_101121_Exp4;VEC0006b;VEV0016;Vocalisation;473440;474655;1215;Exclude_end;Rumble;NA;NA;NA;NA;NA;NA;NA;NA;NA;NA;NA;NA;NA;No;Unk;No;NA;TT;40;Female;Travel;Af_Lit_Greet;Urin_Temp_gland;Greet_rcp;MN;26;Male;0.178494222;Different;NA;NA;NA;NA;NA;NA;NA
65;96;ZEWACT_101121_Exp4;VEC0006b;VEV0017;Vocalisation;528734;529489;755;Exclude_end;Rumble;NA;NA;NA;NA;NA;NA;NA;NA;NA;NA;NA;NA;NA;Unk;Unk;Yes;NA;TT;40;Female;Travel;Af_Lit_Greet;Urin_Temp_gland;Greet_rcp;MN;26;Male;0.178494222;Different;NA;NA;NA;NA;NA;NA;NA
74;107;ZEWACT_111121_Exp6;VEC0007a;VEV0018;Vocalisation;282711;285412;2701;Exclude_end;Rumble;NA;NA;NA;NA;NA;NA;NA;NA;NA;NA;NA;NA;NA;No;Yes;Yes;NA;KB;20;Female;Travel;Af_Lit_Greet;Urin_Temp_gland;Greet_sgn;MS;20;Female;0.137141714;Same;NA;NA;NA;NA;NA;NA;NA
75;108;ZEWACT_111121_Exp6;VEC0007a;VEV0019;Vocalisation;286880;290600;3720;Include;Rumble;NA;NA;NA;NA;NA;NA;NA;NA;NA;NA;NA;NA;NA;No;Unk;Yes;NA;KB;20;Female;Travel;Af_Lit_Greet;Urin_Temp_gland;Greet_sgn;MS;20;Female;0.137141714;Same;NA;NA;NA;NA;NA;NA;NA
76;109;ZEWACT_111121_Exp6;VEC0007a;VEV0021;Vocalisation;297820;298523;703;Include;Trumpet;NA;NA;NA;NA;NA;NA;NA;NA;NA;NA;NA;NA;NA;No;No;Yes;NA;KB;20;Female;Travel;Af_Lit_Greet;Urin_Temp_gland;Greet_sgn;MS;20;Female;0.137141714;Same;NA;NA;NA;NA;NA;NA;NA
86;120;ZEWACT_111121_Exp6;VEC0007b;VEV0020;Vocalisation;285040;287540;2500;Include;Rumble;NA;NA;NA;NA;NA;NA;NA;NA;NA;NA;NA;NA;NA;No;Unk;Yes;NA;MS;20;Female;Travel;Af_Lit_Greet;Urin_Temp_gland;Greet_rcp;KB;20;Female;0.137141714;Same;NA;NA;NA;NA;NA;NA;NA
93;137;ZEWACT_121121_Exp9_LG1;VEC0009a;VEV0024;Vocalisation;329320;335440;6120;Include;Rumble;NA;NA;NA;NA;NA;NA;NA;NA;NA;NA;NA;NA;NA;No;Unk;Yes;NA;DM;46;Male;Rest;Af_Lit_Greet;Urinating;Greet_rcp;KB;20;Female;0.21952885;Different;NA;NA;NA;NA;NA;NA;NA
94;138;ZEWACT_121121_Exp9_LG1;VEC0009a;VEV0025;Vocalisation;350000;354560;4560;Include;Rumble;NA;NA;NA;NA;NA;NA;NA;NA;NA;NA;NA;NA;NA;No;Unk;Yes;NA;DM;46;Male;Rest;Af_Lit_Greet;Urinating;Greet_rcp;KB;20;Female;0.21952885;Different;NA;NA;NA;NA;NA;NA;NA
95;139;ZEWACT_121121_Exp9_LG1;VEC0009a;VEV0026;Vocalisation;376733;378309;1576;Exclude;Rumble;NA;NA;NA;NA;NA;NA;NA;NA;NA;NA;NA;NA;NA;No;Unk;Yes;NA;DM;46;Male;Rest;Af_Lit_Greet;Urinating;Greet_rcp;KB;20;Female;0.21952885;Different;NA;NA;NA;NA;NA;NA;NA
105;149;ZEWACT_121121_Exp9_LG1;VEC0009b;VEV0029;Vocalisation;348560;351800;3240;Exclude_end;Rumble;NA;NA;NA;NA;NA;NA;NA;NA;NA;NA;NA;NA;NA;No;No;Yes;NA;KB;20;Female;Travel;Af_Lit_Greet;Urinating;Greet_sgn;DM;46;Male;0.21952885;Different;NA;NA;NA;NA;NA;NA;NA
106;150;ZEWACT_121121_Exp9_LG1;VEC0009b;VEV0030;Vocalisation;364660;369440;4780;Include;Rumble;NA;NA;NA;NA;NA;NA;NA;NA;NA;NA;NA;NA;NA;No;Yes;Yes;NA;KB;20;Female;Travel;Af_Lit_Greet;Urinating;Greet_sgn;DM;46;Male;0.21952885;Different;NA;NA;NA;NA;NA;NA;NA
107;151;ZEWACT_121121_Exp9_LG1;VEC0009b;VEV0031;Vocalisation;372660;378480;5820;Include;Rumble;NA;NA;NA;NA;NA;NA;NA;NA;NA;NA;NA;NA;NA;No;No;Yes;NA;KB;20;Female;Travel;Af_Lit_Greet;Urinating;Greet_sgn;DM;46;Male;0.21952885;Different;NA;NA;NA;NA;NA;NA;NA
135;183;ZEWACT_141121_Exp10_LG1;VEC0010b;VEV0027;Vocalisation;312247;315237;2990;Include;Roar;NA;NA;NA;NA;NA;NA;NA;NA;NA;NA;NA;NA;NA;Unk;Yes;Yes;NA;DM;46;Male;Travel;Af_Lit_Greet;Urinating;Greet_rcp;HW;20;Female;0.15680396;Different;NA;NA;NA;NA;NA;NA;NA
136;184;ZEWACT_141121_Exp10_LG1;VEC0010b;VEV0028;Vocalisation;318800;326088;7288;Include;Rumble;NA;NA;NA;NA;NA;NA;NA;NA;NA;NA;NA;NA;NA;No;Yes;Yes;NA;DM;46;Male;Travel;Af_Lit_Greet;Urinating;Greet_rcp;HW;20;Female;0.15680396;Different;NA;NA;NA;NA;NA;NA;NA
171;220;ZEWACT_151121_Exp12_LG1;VEC0011b;VEV0032;Vocalisation;292160;296040;3880;Include;Rumble;NA;NA;NA;NA;NA;NA;NA;NA;NA;NA;NA;NA;NA;No;No;Yes;NA;TT;40;Female;Drinking;Af_Lit_Greet;None;Greet_unc;MN;26;Male;0.178494222;Different;NA;NA;NA;NA;NA;NA;NA
172;221;ZEWACT_151121_Exp12_LG1;VEC0011b;VEV0033;Vocalisation;298040;301120;3080;Include;Rumble;NA;NA;NA;NA;NA;NA;NA;NA;NA;NA;NA;NA;NA;No;Yes;Yes;NA;TT;40;Female;Drinking;Af_Lit_Greet;None;Greet_unc;MN;26;Male;0.178494222;Different;NA;NA;NA;NA;NA;NA;NA
194;246;ZEWACT_161121_Exp13_LG1;VEC0012a;VEV0038;Vocalisation;273040;277120;4080;Include;Rumble;NA;NA;NA;NA;NA;NA;NA;NA;NA;NA;NA;NA;NA;No;Yes;Yes;NA;KB;20;Female;Travel;Af_Lit_Greet;Urin_Temp_gland;Greet_sgn;HW;20;Female;0.375132225;Same;NA;NA;NA;NA;NA;NA;NA
195;247;ZEWACT_161121_Exp13_LG1;VEC0012a;VEV0039;Vocalisation;287760;293520;5760;Include;Rumble;NA;NA;NA;NA;NA;NA;NA;NA;NA;NA;NA;NA;NA;No;Yes;Yes;NA;KB;20;Female;Travel;Af_Lit_Greet;Urin_Temp_gland;Greet_sgn;HW;20;Female;0.375132225;Same;NA;NA;NA;NA;NA;NA;NA
217;270;ZEWACT_161121_Exp13_LG1;VEC0012b;VEV0034;Vocalisation;249400;254620;5220;Include;Rumble;NA;NA;NA;NA;NA;NA;NA;NA;NA;NA;NA;NA;NA;No;No;Yes;Or rumble-roar-rumble?;HW;20;Female;Rest;Af_Lit_Greet;Urin_Temp_gland;Greet_rcp;KB;20;Female;0.375132225;Same;NA;NA;NA;NA;NA;NA;NA
218;271;ZEWACT_161121_Exp13_LG1;VEC0012b;VEV0035;Vocalisation;258980;263004;4024;Include;Rumble;NA;NA;NA;NA;NA;NA;NA;NA;NA;NA;NA;NA;NA;No;Yes;Yes;NA;HW;20;Female;Rest;Af_Lit_Greet;Urin_Temp_gland;Greet_rcp;KB;20;Female;0.375132225;Same;NA;NA;NA;NA;NA;NA;NA
219;272;ZEWACT_161121_Exp13_LG1;VEC0012b;VEV0036;Vocalisation;267920;271720;3800;Exclude_end;Rumble;NA;NA;NA;NA;NA;NA;NA;NA;NA;NA;NA;NA;NA;No;No;Yes;NA;HW;20;Female;Rest;Af_Lit_Greet;Urin_Temp_gland;Greet_rcp;KB;20;Female;0.375132225;Same;NA;NA;NA;NA;NA;NA;NA
220;273;ZEWACT_161121_Exp13_LG1;VEC0012b;VEV0037;Vocalisation;280320;285080;4760;Include;Rumble;NA;NA;NA;NA;NA;NA;NA;NA;NA;NA;NA;NA;NA;No;No;Yes;NA;HW;20;Female;Rest;Af_Lit_Greet;Urin_Temp_gland;Greet_rcp;KB;20;Female;0.375132225;Same;NA;NA;NA;NA;NA;NA;NA
221;274;ZEWACT_161121_Exp13_LG1;VEC0012b;VEV0047;Vocalisation;288920;292160;3240;Include;Rumble;NA;NA;NA;NA;NA;NA;NA;NA;NA;NA;NA;NA;NA;No;Yes;Yes;NA;HW;20;Female;Rest;Af_Lit_Greet;Urin_Temp_gland;Greet_rcp;KB;20;Female;0.375132225;Same;NA;NA;NA;NA;NA;NA;NA
266;323;ZEWACT_171121_Exp15_LG1;VEC0014a;VEV0040;Vocalisation;233600;238520;4920;Include;Rumble;NA;NA;NA;NA;NA;NA;NA;NA;NA;NA;NA;NA;NA;No;No;Yes;NSG;MS;20;Female;Travel;Af_Lit_Greet;Urin_Temp_gland;Greet_rcp;KB;20;Female;0.137141714;Same;NA;NA;NA;NA;NA;NA;NA
267;324;ZEWACT_171121_Exp15_LG1;VEC0014a;VEV0041;Vocalisation;240933;244773;3840;Include;Rumble;NA;NA;NA;NA;NA;NA;NA;NA;NA;NA;NA;NA;NA;No;Yes;Yes;NA;MS;20;Female;Travel;Af_Lit_Greet;Urin_Temp_gland;Greet_rcp;KB;20;Female;0.137141714;Same;NA;NA;NA;NA;NA;NA;NA
268;325;ZEWACT_171121_Exp15_LG1;VEC0014a;VEV0042;Vocalisation;247613;252106;4493;Include;Rumble;NA;NA;NA;NA;NA;NA;NA;NA;NA;NA;NA;NA;NA;No;Yes;Yes;NA;MS;20;Female;Travel;Af_Lit_Greet;Urin_Temp_gland;Greet_rcp;KB;20;Female;0.137141714;Same;NA;NA;NA;NA;NA;NA;NA
269;326;ZEWACT_171121_Exp15_LG1;VEC0014a;VEV0043;Vocalisation;254866;261440;6574;Include;Rumble;NA;NA;NA;NA;NA;NA;NA;NA;NA;NA;NA;NA;NA;No;Yes;Yes;NA;MS;20;Female;Travel;Af_Lit_Greet;Urin_Temp_gland;Greet_rcp;KB;20;Female;0.137141714;Same;NA;NA;NA;NA;NA;NA;NA
270;327;ZEWACT_171121_Exp15_LG1;VEC0014a;VEV0044;Vocalisation;263159;264060;901;Include;Rumble;NA;NA;NA;NA;NA;NA;NA;NA;NA;NA;NA;NA;NA;No;Yes;Yes;NA;MS;20;Female;Travel;Af_Lit_Greet;Urin_Temp_gland;Greet_rcp;KB;20;Female;0.137141714;Same;NA;NA;NA;NA;NA;NA;NA
271;328;ZEWACT_171121_Exp15_LG1;VEC0014a;VEV0045;Vocalisation;275689;276163;474;Include;Trumpet;NA;NA;NA;NA;NA;NA;NA;NA;NA;NA;NA;NA;NA;Unk;NV;Yes;NA;MS;20;Female;Travel;Af_Lit_Greet;Urin_Temp_gland;Greet_rcp;KB;20;Female;0.137141714;Same;NA;NA;NA;NA;NA;NA;NA
292;352;ZEWACT_171121_Exp15_LG1;VEC0014b;VEV0046;Vocalisation;309260;314000;4740;Include;Rumble;NA;NA;NA;NA;NA;NA;NA;NA;NA;NA;NA;NA;NA;No;Yes;Yes;NA;KB;20;Female;Travel;Af_Lit_Greet;Urin_Temp_gland;Greet_sgn;MS;20;Female;0.137141714;Same;NA;NA;NA;NA;NA;NA;NA
316;379;ZEWACT_171121_Exp16_LG1;VEC0015a;VEV0241;Vocalisation;557400;558520;1120;Include;Trumpet;NA;NA;NA;NA;NA;NA;NA;NA;NA;NA;NA;NA;NA;No;No;Yes;NA;MN;26;Male;Travel;Af_Lit_Greet;Urinating;Greet_sgn;DM;46;Male;0.160529737;Same;NA;NA;NA;NA;NA;NA;NA
317;380;ZEWACT_171121_Exp16_LG1;VEC0015a;VEV0048;Vocalisation;559340;560020;680;Include;Trumpet;NA;NA;NA;NA;NA;NA;NA;NA;NA;NA;NA;NA;NA;No;No;Yes;NA;MN;26;Male;Travel;Af_Lit_Greet;Urinating;Greet_sgn;DM;46;Male;0.160529737;Same;NA;NA;NA;NA;NA;NA;NA
318;381;ZEWACT_171121_Exp16_LG1;VEC0015a;VEV0049;Vocalisation;561906;565693;3787;Exclude_start;Rumble;NA;NA;NA;NA;NA;NA;NA;NA;NA;NA;NA;NA;NA;No;Yes;Yes;NA;MN;26;Male;Travel;Af_Lit_Greet;Urinating;Greet_sgn;DM;46;Male;0.160529737;Same;NA;NA;NA;NA;NA;NA;NA
334;398;ZEWACT_171121_Exp16_LG1;VEC0015b;VEV0051;Vocalisation;534120;539360;5240;Include;Rumble;NA;NA;NA;NA;NA;NA;NA;NA;NA;NA;NA;NA;NA;No;Yes;Yes;NA;DM;46;Male;Listening;Af_Lit_Greet;Urinating;Greet_rcp;MN;26;Male;0.160529737;Same;NA;NA;NA;NA;NA;NA;NA
335;399;ZEWACT_171121_Exp16_LG1;VEC0015b;VEV0052;Vocalisation;558720;563733;5013;Include;Rumble;NA;NA;NA;NA;NA;NA;NA;NA;NA;NA;NA;NA;NA;No;Yes;Yes;NA;DM;46;Male;Listening;Af_Lit_Greet;Urinating;Greet_rcp;MN;26;Male;0.160529737;Same;NA;NA;NA;NA;NA;NA;NA
336;400;ZEWACT_171121_Exp16_LG1;VEC0015b;VEV0053;Vocalisation;566880;571720;4840;Include;Rumble;NA;NA;NA;NA;NA;NA;NA;NA;NA;NA;NA;NA;NA;No;Yes;Yes;NA;DM;46;Male;Listening;Af_Lit_Greet;Urinating;Greet_rcp;MN;26;Male;0.160529737;Same;NA;NA;NA;NA;NA;NA;NA
348;421;ZEWACT_181121_Exp17_LG1;VEC0016a;VEV0055;Vocalisation;282280;285400;3120;Include;Rumble;NA;NA;NA;NA;NA;NA;NA;NA;NA;NA;NA;NA;NA;No;Yes;Yes;NA;MS;20;Female;Drinking;Af_Lit_Greet;Urin_Temp_gland;Greet_unc;KB;20;Female;0.137141714;Same;NA;NA;NA;NA;NA;NA;NA
349;422;ZEWACT_181121_Exp17_LG1;VEC0016a;VEV0056;Vocalisation;288280;292400;4120;Include;Rumble;NA;NA;NA;NA;NA;NA;NA;NA;NA;NA;NA;NA;NA;No;Unk;Yes;NA;MS;20;Female;Drinking;Af_Lit_Greet;Urin_Temp_gland;Greet_unc;KB;20;Female;0.137141714;Same;NA;NA;NA;NA;NA;NA;NA
350;423;ZEWACT_181121_Exp17_LG1;VEC0016a;VEV0057;Vocalisation;301972;308240;6268;Include;Rumble;NA;NA;NA;NA;NA;NA;NA;NA;NA;NA;NA;NA;NA;No;No;Yes;NA;MS;20;Female;Drinking;Af_Lit_Greet;Urin_Temp_gland;Greet_unc;KB;20;Female;0.137141714;Same;NA;NA;NA;NA;NA;NA;NA
351;424;ZEWACT_181121_Exp17_LG1;VEC0016a;VEV0058;Vocalisation;319680;328000;8320;Include;Rumble;NA;NA;NA;NA;NA;NA;NA;NA;NA;NA;NA;NA;NA;No;Yes;Yes;NA;MS;20;Female;Drinking;Af_Lit_Greet;Urin_Temp_gland;Greet_unc;KB;20;Female;0.137141714;Same;NA;NA;NA;NA;NA;NA;NA
352;425;ZEWACT_181121_Exp17_LG1;VEC0016a;VEV0059;Vocalisation;332140;339120;6980;Include;Rumble;NA;NA;NA;NA;NA;NA;NA;NA;NA;NA;NA;NA;NA;No;Yes;Yes;NA;MS;20;Female;Drinking;Af_Lit_Greet;Urin_Temp_gland;Greet_unc;KB;20;Female;0.137141714;Same;NA;NA;NA;NA;NA;NA;NA
361;434;ZEWACT_181121_Exp17_LG1;VEC0016b;VEV0060;Vocalisation;281160;282360;1200;Include;Rumble;NA;NA;NA;NA;NA;NA;NA;NA;NA;NA;NA;NA;NA;No;Unk;No;NA;KB;20;Female;Unk;Af_Lit_Greet;Temp_gland_secr;Greet_unc;MS;20;Female;0.137141714;Same;NA;NA;NA;NA;NA;NA;NA
362;435;ZEWACT_181121_Exp17_LG1;VEC0016b;VEV0061;Vocalisation;285280;286840;1560;Include;Roar;NA;NA;NA;NA;NA;NA;NA;NA;NA;NA;NA;NA;NA;Yes;Unk;No;NA;KB;20;Female;Unk;Af_Lit_Greet;Temp_gland_secr;Greet_unc;MS;20;Female;0.137141714;Same;NA;NA;NA;NA;NA;NA;NA
363;436;ZEWACT_181121_Exp17_LG1;VEC0016b;VEV0062;Vocalisation;286900;288420;1520;Include;Rumble;NA;NA;NA;NA;NA;NA;NA;NA;NA;NA;NA;NA;NA;Yes;Unk;No;NA;KB;20;Female;Unk;Af_Lit_Greet;Temp_gland_secr;Greet_unc;MS;20;Female;0.137141714;Same;NA;NA;NA;NA;NA;NA;NA
364;437;ZEWACT_181121_Exp17_LG1;VEC0016b;VEV0063;Vocalisation;314200;319680;5480;Include;Rumble;NA;NA;NA;NA;NA;NA;NA;NA;NA;NA;NA;NA;NA;No;Unk;No;NA;KB;20;Female;Unk;Af_Lit_Greet;Temp_gland_secr;Greet_unc;MS;20;Female;0.137141714;Same;NA;NA;NA;NA;NA;NA;NA
365;438;ZEWACT_181121_Exp17_LG1;VEC0016b;VEV0064;Vocalisation;334140;338380;4240;Include;Rumble;NA;NA;NA;NA;NA;NA;NA;NA;NA;NA;NA;NA;NA;No;Yes;Yes;NA;KB;20;Female;Unk;Af_Lit_Greet;Temp_gland_secr;Greet_unc;MS;20;Female;0.137141714;Same;NA;NA;NA;NA;NA;NA;NA
374;447;ZEWACT_181121_Exp18_LG1;VEC0017a;VEV0065;Vocalisation;459800;464240;4440;Include;Rumble;NA;NA;NA;NA;NA;NA;NA;NA;NA;NA;NA;NA;NA;No;No;Yes;NA;TT;40;Female;Travel;Af_Lit_Greet;None;Greet_sgn;DM;46;Male;0.148925335;Different;NA;NA;NA;NA;NA;NA;NA
377;450;ZEWACT_181121_Exp18_LG1;VEC0017b;VEV0066;Vocalisation;466120;469120;3000;Include;Rumble;NA;NA;NA;NA;NA;NA;NA;NA;NA;NA;NA;NA;NA;No;No;Yes;NA;DM;46;Male;Travel;Af_Lit_Greet;None;Greet_rcp;TT;40;Female;0.148925335;Different;NA;NA;NA;NA;NA;NA;NA
391;466;ZEWACT_191121_Exp19_LG1;VEC0018a;VEV0067;Vocalisation;305802;310680;4878;Include;Rumble;NA;NA;NA;NA;NA;NA;NA;NA;NA;NA;NA;NA;NA;No;Yes;Yes;NA;DM;46;Male;Travel;Af_Lit_Greet;Urinating;Greet_rcp;KB;20;Female;0.21952885;Different;NA;NA;NA;NA;NA;NA;NA
392;467;ZEWACT_191121_Exp19_LG1;VEC0018a;VEV0068;Vocalisation;316800;321840;5040;Include;Rumble;NA;NA;NA;NA;NA;NA;NA;NA;NA;NA;NA;NA;NA;No;Yes;Yes;NA;DM;46;Male;Travel;Af_Lit_Greet;Urinating;Greet_rcp;KB;20;Female;0.21952885;Different;NA;NA;NA;NA;NA;NA;NA
393;468;ZEWACT_191121_Exp19_LG1;VEC0018a;VEV0069;Vocalisation;328480;330760;2280;Include;Rumble;NA;NA;NA;NA;NA;NA;NA;NA;NA;NA;NA;NA;NA;No;Yes;Yes;NA;DM;46;Male;Travel;Af_Lit_Greet;Urinating;Greet_rcp;KB;20;Female;0.21952885;Different;NA;NA;NA;NA;NA;NA;NA
410;486;ZEWACT_191121_Exp19_LG1;VEC0018b;VEV0070;Vocalisation;323544;328240;4696;Include;Rumble;NA;NA;NA;NA;NA;NA;NA;NA;NA;NA;NA;NA;NA;No;Yes;Yes;NA;KB;20;Female;Travel;Af_Lit_Greet;Urin_Temp_gland;Greet_sgn;DM;46;Male;0.21952885;Different;NA;NA;NA;NA;NA;NA;NA
411;487;ZEWACT_191121_Exp19_LG1;VEC0018b;VEV0071;Vocalisation;329925;332540;2615;Include;Rumble;NA;NA;NA;NA;NA;NA;NA;NA;NA;NA;NA;NA;NA;No;Yes;Yes;NA;KB;20;Female;Travel;Af_Lit_Greet;Urin_Temp_gland;Greet_sgn;DM;46;Male;0.21952885;Different;NA;NA;NA;NA;NA;NA;NA
412;488;ZEWACT_191121_Exp19_LG1;VEC0018b;VEV0072;Vocalisation;339712;343020;3308;Include;Rumble;NA;NA;NA;NA;NA;NA;NA;NA;NA;NA;NA;NA;NA;No;No;Yes;NSG;KB;20;Female;Travel;Af_Lit_Greet;Urin_Temp_gland;Greet_sgn;DM;46;Male;0.21952885;Different;NA;NA;NA;NA;NA;NA;NA
452;537;ZEWACT_211121_Exp21_LG1;VEC0020a;VEV0306;Vocalisation;253000;255320;2320;Exclude_end;Rumble;NA;NA;NA;NA;NA;NA;NA;NA;NA;NA;NA;NA;NA;No;No;Yes;NA;DM;46;Male;Travel;Af_Lit_Greet;None;Greet_rcp;HW;20;Female;0.15680396;Different;NA;NA;NA;NA;NA;NA;NA
453;538;ZEWACT_211121_Exp21_LG1;VEC0020a;VEV0076;Vocalisation;261362;263480;2118;Include;Roar;NA;NA;NA;NA;NA;NA;NA;NA;NA;NA;NA;NA;NA;No;No;Yes;NA;DM;46;Male;Travel;Af_Lit_Greet;None;Greet_rcp;HW;20;Female;0.15680396;Different;NA;NA;NA;NA;NA;NA;NA
454;539;ZEWACT_211121_Exp21_LG1;VEC0020a;VEV0077;Vocalisation;274657;278180;3523;Include;Rumble;NA;NA;NA;NA;NA;NA;NA;NA;NA;NA;NA;NA;NA;No;Yes;Yes;NA;DM;46;Male;Travel;Af_Lit_Greet;None;Greet_rcp;HW;20;Female;0.15680396;Different;NA;NA;NA;NA;NA;NA;NA
455;540;ZEWACT_211121_Exp21_LG1;VEC0020a;VEV0078;Vocalisation;294906;299360;4454;Include;Rumble;NA;NA;NA;NA;NA;NA;NA;NA;NA;NA;NA;NA;NA;No;Yes;Yes;NA;DM;46;Male;Travel;Af_Lit_Greet;None;Greet_rcp;HW;20;Female;0.15680396;Different;NA;NA;NA;NA;NA;NA;NA
456;541;ZEWACT_211121_Exp21_LG1;VEC0020a;VEV0079;Vocalisation;311661;318760;7099;Include;Rumble;NA;NA;NA;NA;NA;NA;NA;NA;NA;NA;NA;NA;NA;No;Yes;Yes;NA;DM;46;Male;Travel;Af_Lit_Greet;None;Greet_rcp;HW;20;Female;0.15680396;Different;NA;NA;NA;NA;NA;NA;NA
488;577;ZEWACT_211121_Exp21_LG1;VEC0020b;VEV0307;Vocalisation;255226;259093;3867;Include;Rumble;NA;NA;NA;NA;NA;NA;NA;NA;NA;NA;NA;NA;NA;No;Unk;Yes;NA;HW;20;Female;Travel;Af_Lit_Greet;Urinating;Greet_sgn;DM;46;Male;0.15680396;Different;NA;NA;NA;NA;NA;NA;NA
489;578;ZEWACT_211121_Exp21_LG1;VEC0020b;VEV0074;Vocalisation;263089;266638;3549;Include;Roar;NA;NA;NA;NA;NA;NA;NA;NA;NA;NA;NA;NA;NA;No;NV;Yes;NA;HW;20;Female;Travel;Af_Lit_Greet;Urinating;Greet_sgn;DM;46;Male;0.15680396;Different;NA;NA;NA;NA;NA;NA;NA
490;579;ZEWACT_211121_Exp21_LG1;VEC0020b;VEV0075;Vocalisation;270880;279380;8500;Include;Rumble;NA;NA;NA;NA;NA;NA;NA;NA;NA;NA;NA;NA;NA;No;NV;Yes;NA;HW;20;Female;Travel;Af_Lit_Greet;Urinating;Greet_sgn;DM;46;Male;0.15680396;Different;NA;NA;NA;NA;NA;NA;NA
497;586;ZEWACT_211121_Exp22_LG1;VEC0021a;VEV0080;Vocalisation;198066;201333;3267;Include;Rumble;NA;NA;NA;NA;NA;NA;NA;NA;NA;NA;NA;NA;NA;No;Unk;Yes;NA;MS;20;Female;Travel;Af_Lit_Greet;None;Greet_rcp;KB;20;Female;0.137141714;Same;NA;NA;NA;NA;NA;NA;NA
504;593;ZEWACT_211121_Exp22_LG1;VEC0021b;VEV0242;Vocalisation;200920;206220;5300;Include;Rumble;NA;NA;NA;NA;NA;NA;NA;NA;NA;NA;NA;NA;NA;No;Unk;Yes;NA;KB;20;Female;Travel;Af_Lit_Greet;None;Greet_sgn;MS;20;Female;0.137141714;Same;NA;NA;NA;NA;NA;NA;NA
520;614;ZEWACT_231121_Exp23;VEC0022a;VEV0081;Vocalisation;155320;159412;4092;Include;Rumble;NA;NA;NA;NA;NA;NA;NA;NA;NA;NA;NA;NA;NA;No;Unk;Yes;NA;HW;20;Female;Travel;Af_Lit_Greet;Temp_gland_secr;Greet_sgn;KB;20;Female;0.375132225;Same;NA;NA;NA;NA;NA;NA;NA
521;615;ZEWACT_231121_Exp23;VEC0022a;VEV0082;Vocalisation;164440;167883;3443;Include;Rumble;NA;NA;NA;NA;NA;NA;NA;NA;NA;NA;NA;NA;NA;No;Unk;Yes;NA;HW;20;Female;Travel;Af_Lit_Greet;Temp_gland_secr;Greet_sgn;KB;20;Female;0.375132225;Same;NA;NA;NA;NA;NA;NA;NA
522;616;ZEWACT_231121_Exp23;VEC0022a;VEV0083;Vocalisation;174093;177246;3153;Include;Rumble;NA;NA;NA;NA;NA;NA;NA;NA;NA;NA;NA;NA;NA;No;Yes;Yes;NA;HW;20;Female;Travel;Af_Lit_Greet;Temp_gland_secr;Greet_sgn;KB;20;Female;0.375132225;Same;NA;NA;NA;NA;NA;NA;NA
541;641;ZEWACT_231121_Exp24;VEC0023a;VEV0084;Vocalisation;272200;278573;6373;Include;Rumble;NA;NA;NA;NA;NA;NA;NA;NA;NA;NA;NA;NA;NA;No;No;Yes;NA;DM;46;Male;Travel;Af_Lit_Greet;Urinating;Greet_rcp;MN;26;Male;0.160529737;Same;NA;NA;NA;NA;NA;NA;NA
542;642;ZEWACT_231121_Exp24;VEC0023a;VEV0085;Vocalisation;297040;303280;6240;Include;Rumble;NA;NA;NA;NA;NA;NA;NA;NA;NA;NA;NA;NA;NA;No;No;Yes;NA;DM;46;Male;Travel;Af_Lit_Greet;Urinating;Greet_rcp;MN;26;Male;0.160529737;Same;NA;NA;NA;NA;NA;NA;NA
543;643;ZEWACT_231121_Exp24;VEC0023a;VEV0086;Vocalisation;309960;315000;5040;Include;Rumble;NA;NA;NA;NA;NA;NA;NA;NA;NA;NA;NA;NA;NA;No;Unk;Yes;NA;DM;46;Male;Travel;Af_Lit_Greet;Urinating;Greet_rcp;MN;26;Male;0.160529737;Same;NA;NA;NA;NA;NA;NA;NA
559;659;ZEWACT_231121_Exp24;VEC0023b;VEV0087;Vocalisation;314100;317666;3566;Exclude;Rumble;NA;NA;NA;NA;NA;NA;NA;NA;NA;NA;NA;NA;NA;No;Yes;Yes;NA;MN;26;Male;Travel;Af_Lit_Greet;Urinating;Greet_sgn;DM;46;Male;0.160529737;Same;NA;NA;NA;NA;NA;NA;NA
589;693;ZEWACT_251121_Exp25;VEC0024a;VEV0089;Vocalisation;72240;76413;4173;Include;Rumble;NA;NA;NA;NA;NA;NA;NA;NA;NA;NA;NA;NA;NA;No;Yes;Yes;NA;DM;46;Male;Travel;Af_Lit_Greet;Urinating;Greet_rcp;HW;20;Female;0.15680396;Different;NA;NA;NA;NA;NA;NA;NA
590;694;ZEWACT_251121_Exp25;VEC0024a;VEV0090;Vocalisation;79280;80760;1480;Exclude_end;Rumble;NA;NA;NA;NA;NA;NA;NA;NA;NA;NA;NA;NA;NA;No;Unk;Yes;NA;DM;46;Male;Travel;Af_Lit_Greet;Urinating;Greet_rcp;HW;20;Female;0.15680396;Different;NA;NA;NA;NA;NA;NA;NA
591;695;ZEWACT_251121_Exp25;VEC0024a;VEV0091;Vocalisation;83782;90000;6218;Include;Rumble;NA;NA;NA;NA;NA;NA;NA;NA;NA;NA;NA;NA;NA;No;Yes;Yes;NA;DM;46;Male;Travel;Af_Lit_Greet;Urinating;Greet_rcp;HW;20;Female;0.15680396;Different;NA;NA;NA;NA;NA;NA;NA
592;696;ZEWACT_251121_Exp25;VEC0024a;VEV0092;Vocalisation;93920;96386;2466;Include;Roar;NA;NA;NA;NA;NA;NA;NA;NA;NA;NA;NA;NA;NA;No;NV;Yes;NA;DM;46;Male;Travel;Af_Lit_Greet;Urinating;Greet_rcp;HW;20;Female;0.15680396;Different;NA;NA;NA;NA;NA;NA;NA
593;697;ZEWACT_251121_Exp25;VEC0024a;VEV0093;Vocalisation;100200;104480;4280;Include;Rumble;NA;NA;NA;NA;NA;NA;NA;NA;NA;NA;NA;NA;NA;No;Yes;Yes;NA;DM;46;Male;Travel;Af_Lit_Greet;Urinating;Greet_rcp;HW;20;Female;0.15680396;Different;NA;NA;NA;NA;NA;NA;NA
594;698;ZEWACT_251121_Exp25;VEC0024a;VEV0094;Vocalisation;107260;110540;3280;Include;Rumble;NA;NA;NA;NA;NA;NA;NA;NA;NA;NA;NA;NA;NA;No;Yes;Yes;NA;DM;46;Male;Travel;Af_Lit_Greet;Urinating;Greet_rcp;HW;20;Female;0.15680396;Different;NA;NA;NA;NA;NA;NA;NA
595;699;ZEWACT_251121_Exp25;VEC0024a;VEV0095;Vocalisation;119280;120240;960;Include;Trumpet;NA;NA;NA;NA;NA;NA;NA;NA;NA;NA;NA;NA;NA;No;No;Yes;NA;DM;46;Male;Travel;Af_Lit_Greet;Urinating;Greet_rcp;HW;20;Female;0.15680396;Different;NA;NA;NA;NA;NA;NA;NA
596;700;ZEWACT_251121_Exp25;VEC0024a;VEV0096;Vocalisation;121020;127380;6360;Include;Rumble;NA;NA;NA;NA;NA;NA;NA;NA;NA;NA;NA;NA;NA;No;Yes;Yes;NA;DM;46;Male;Travel;Af_Lit_Greet;Urinating;Greet_rcp;HW;20;Female;0.15680396;Different;NA;NA;NA;NA;NA;NA;NA
621;726;ZEWACT_251121_Exp25;VEC0024b;VEV0097;Vocalisation;75222;77200;1978;Include;Roar;NA;NA;NA;NA;NA;NA;NA;NA;NA;NA;NA;NA;NA;No;NV;Yes;NA;HW;20;Female;Travel;Af_Lit_Greet;Urin_Temp_gland;Greet_sgn;DM;46;Male;0.15680396;Different;NA;NA;NA;NA;NA;NA;NA
622;727;ZEWACT_251121_Exp25;VEC0024b;VEV0098;Vocalisation;80540;83782;3242;Include;Roar;NA;NA;NA;NA;NA;NA;NA;NA;NA;NA;NA;NA;NA;No;NV;Yes;NA;HW;20;Female;Travel;Af_Lit_Greet;Urin_Temp_gland;Greet_sgn;DM;46;Male;0.15680396;Different;NA;NA;NA;NA;NA;NA;NA
623;728;ZEWACT_251121_Exp25;VEC0024b;VEV0099;Vocalisation;87889;91607;3718;Include;Rumble;NA;NA;NA;NA;NA;NA;NA;NA;NA;NA;NA;NA;NA;No;Unk;Yes;NA;HW;20;Female;Travel;Af_Lit_Greet;Urin_Temp_gland;Greet_sgn;DM;46;Male;0.15680396;Different;NA;NA;NA;NA;NA;NA;NA
624;729;ZEWACT_251121_Exp25;VEC0024b;VEV0100;Vocalisation;92960;100000;7040;Include;Rumble;NA;NA;NA;NA;NA;NA;NA;NA;NA;NA;NA;NA;NA;No;Yes;Yes;NA;HW;20;Female;Travel;Af_Lit_Greet;Urin_Temp_gland;Greet_sgn;DM;46;Male;0.15680396;Different;NA;NA;NA;NA;NA;NA;NA
625;730;ZEWACT_251121_Exp25;VEC0024b;VEV0101;Vocalisation;101700;110700;9000;Include;Rumble;NA;NA;NA;NA;NA;NA;NA;NA;NA;NA;NA;NA;NA;No;Yes;Yes;NA;HW;20;Female;Travel;Af_Lit_Greet;Urin_Temp_gland;Greet_sgn;DM;46;Male;0.15680396;Different;NA;NA;NA;NA;NA;NA;NA
632;738;ZEWACT_251121_Exp26;VEC0025a;VEV0102;Vocalisation;277040;282600;5560;Include;Rumble;NA;NA;NA;NA;NA;NA;NA;NA;NA;NA;NA;NA;NA;No;No;Yes;NA;MN;26;Male;Travel;Af_Lit_Greet;Temp_gland_secr;Greet_unc;TT;40;Female;0.178494222;Different;NA;NA;NA;NA;NA;NA;NA
634;740;ZEWACT_251121_Exp26;VEC0025b;VEV0243;Vocalisation;279560;281940;2380;Include;Rumble;NA;NA;NA;NA;NA;NA;NA;NA;NA;NA;NA;NA;NA;No;Unk;No;NA;TT;40;Female;Travel;Af_Lit_Greet;Temp_gland_secr;Greet_unc;MN;26;Male;0.178494222;Different;NA;NA;NA;NA;NA;NA;NA
639;774;ZEWACT_261121_Exp28;VEC0027a;VEV0108;Vocalisation;247960;250260;2300;NV;Rumble;NA;NA;NA;NA;NA;NA;NA;NA;NA;NA;NA;NA;NA;No;Unk;Yes;Not sure if seen KB;DM;46;Male;Listening;Af_Lit_Greet;Temp_gland_secr;Greet_rcp;KB;20;Female;0.21952885;Different;NA;NA;NA;NA;NA;NA;NA
640;775;ZEWACT_261121_Exp28;VEC0027a;VEV0109;Vocalisation;263729;268620;4891;NV;Rumble;NA;NA;NA;NA;NA;NA;NA;NA;NA;NA;NA;NA;NA;No;Yes;Yes;NSG;DM;46;Male;Listening;Af_Lit_Greet;Temp_gland_secr;Greet_rcp;KB;20;Female;0.21952885;Different;NA;NA;NA;NA;NA;NA;NA
641;776;ZEWACT_261121_Exp28;VEC0027a;VEV0110;Vocalisation;298600;302638;4038;NV;Rumble;NA;NA;NA;NA;NA;NA;NA;NA;NA;NA;NA;NA;NA;No;Unk;Yes;NSG;DM;46;Male;Listening;Af_Lit_Greet;Temp_gland_secr;Greet_rcp;KB;20;Female;0.21952885;Different;NA;NA;NA;NA;NA;NA;NA
642;777;ZEWACT_261121_Exp28;VEC0027a;VEV0111;Vocalisation;309860;314780;4920;Include;Rumble;NA;NA;NA;NA;NA;NA;NA;NA;NA;NA;NA;NA;NA;No;No;Yes;NA;DM;46;Male;Listening;Af_Lit_Greet;Temp_gland_secr;Greet_rcp;KB;20;Female;0.21952885;Different;NA;NA;NA;NA;NA;NA;NA
651;786;ZEWACT_261121_Exp28;VEC0027b;VEV0112;Vocalisation;303820;307897;4077;Include;Rumble;NA;NA;NA;NA;NA;NA;NA;NA;NA;NA;NA;NA;NA;No;Unk;No;NA;KB;20;Female;Travel;Af_Lit_Greet;Urin_Temp_gland;Greet_sgn;DM;46;Male;0.21952885;Different;NA;NA;NA;NA;NA;NA;NA
654;793;ZEWACT_271121_Exp30;VEC0028a;VEV0113;Vocalisation;224540;227640;3100;Include;Rumble;NA;NA;NA;NA;NA;NA;NA;NA;NA;NA;NA;NA;NA;No;Unk;Yes;NA;HW;20;Female;Rest;Af_Lit_Greet;None;Greet_unc;KB;20;Female;0.375132225;Same;NA;NA;NA;NA;NA;NA;NA
655;794;ZEWACT_271121_Exp30;VEC0028a;VEV0114;Vocalisation;230400;232460;2060;Include;Rumble;NA;NA;NA;NA;NA;NA;NA;NA;NA;NA;NA;NA;NA;No;Unk;Yes;NA;HW;20;Female;Rest;Af_Lit_Greet;None;Greet_unc;KB;20;Female;0.375132225;Same;NA;NA;NA;NA;NA;NA;NA
663;833;ZEWACT_281121_Exp31;VEC0030a;VEV0116;Vocalisation;458210;467900;9690;Include;Rumble;NA;NA;NA;NA;NA;NA;NA;NA;NA;NA;NA;NA;NA;No;Unk;Yes;NA;DM;46;Male;Travel;Af_Lit_Greet;None;Greet_unc;MN;26;Male;0.160529737;Same;NA;NA;NA;NA;NA;NA;NA
673;844;ZEWACT_281121_Exp31;VEC0030b;VEV0117;Vocalisation;463900;470400;6500;Include;Rumble;NA;NA;NA;NA;NA;NA;NA;NA;NA;NA;NA;NA;NA;No;Yes;Yes;NA;MN;26;Male;Drinking;Af_Lit_Greet;None;Greet_unc;DM;46;Male;0.160529737;Same;NA;NA;NA;NA;NA;NA;NA
678;874;ZEWACT_291121_Exp33;VEC0032a;VEV0125;Vocalisation;208160;212280;4120;Include;Rumble;NA;NA;NA;NA;NA;NA;NA;NA;NA;NA;NA;NA;NA;No;Yes;Yes;NA;MS;20;Female;Travel;Af_Lit_Greet;Temp_gland_secr;Greet_unc;HW;20;Female;0.122442521;Same;NA;NA;NA;NA;NA;NA;NA
679;875;ZEWACT_291121_Exp33;VEC0032a;VEV0126;Vocalisation;226640;231675;5035;Include;Rumble;NA;NA;NA;NA;NA;NA;NA;NA;NA;NA;NA;NA;NA;No;Yes;Yes;NA;MS;20;Female;Travel;Af_Lit_Greet;Temp_gland_secr;Greet_unc;HW;20;Female;0.122442521;Same;NA;NA;NA;NA;NA;NA;NA
680;876;ZEWACT_291121_Exp33;VEC0032a;VEV0127;Vocalisation;242820;248540;5720;Include;Rumble;NA;NA;NA;NA;NA;NA;NA;NA;NA;NA;NA;NA;NA;No;Unk;Yes;NA;MS;20;Female;Travel;Af_Lit_Greet;Temp_gland_secr;Greet_unc;HW;20;Female;0.122442521;Same;NA;NA;NA;NA;NA;NA;NA
681;877;ZEWACT_291121_Exp33;VEC0032a;VEV0128;Vocalisation;261040;267640;6600;Include;Rumble;NA;NA;NA;NA;NA;NA;NA;NA;NA;NA;NA;NA;NA;No;No;Yes;NA;MS;20;Female;Travel;Af_Lit_Greet;Temp_gland_secr;Greet_unc;HW;20;Female;0.122442521;Same;NA;NA;NA;NA;NA;NA;NA
682;878;ZEWACT_291121_Exp33;VEC0032a;VEV0129;Vocalisation;272000;276440;4440;Include;Rumble;NA;NA;NA;NA;NA;NA;NA;NA;NA;NA;NA;NA;NA;No;Yes;Yes;NA;MS;20;Female;Travel;Af_Lit_Greet;Temp_gland_secr;Greet_unc;HW;20;Female;0.122442521;Same;NA;NA;NA;NA;NA;NA;NA
689;885;ZEWACT_291121_Exp33;VEC0032b;VEV0130;Vocalisation;205760;209400;3640;Exclude_end;Rumble;NA;NA;NA;NA;NA;NA;NA;NA;NA;NA;NA;NA;NA;No;Unk;No;NSG;HW;20;Female;Travel;Af_Lit_Greet;Temp_gland_secr;Greet_unc;MS;20;Female;0.122442521;Same;NA;NA;NA;NA;NA;NA;NA
690;886;ZEWACT_291121_Exp33;VEC0032b;VEV0131;Vocalisation;224880;227320;2440;Exclude_end;Rumble;NA;NA;NA;NA;NA;NA;NA;NA;NA;NA;NA;NA;NA;No;Unk;No;NSG;HW;20;Female;Travel;Af_Lit_Greet;Temp_gland_secr;Greet_unc;MS;20;Female;0.122442521;Same;NA;NA;NA;NA;NA;NA;NA
691;887;ZEWACT_291121_Exp33;VEC0032b;VEV0132;Vocalisation;241457;245960;4503;Exclude_end;Rumble;NA;NA;NA;NA;NA;NA;NA;NA;NA;NA;NA;NA;NA;No;Unk;No;NSG;HW;20;Female;Travel;Af_Lit_Greet;Temp_gland_secr;Greet_unc;MS;20;Female;0.122442521;Same;NA;NA;NA;NA;NA;NA;NA
692;888;ZEWACT_291121_Exp33;VEC0032b;VEV0133;Vocalisation;263640;268240;4600;Include;Rumble;NA;NA;NA;NA;NA;NA;NA;NA;NA;NA;NA;NA;NA;No;Yes;Yes;NA;HW;20;Female;Travel;Af_Lit_Greet;Temp_gland_secr;Greet_unc;MS;20;Female;0.122442521;Same;NA;NA;NA;NA;NA;NA;NA
704;901;ZEWACT_291121_Exp34;VEC0033a;VEV0134;Vocalisation;366680;371587;4907;Include;Rumble;NA;NA;NA;NA;NA;NA;NA;NA;NA;NA;NA;NA;NA;No;Unk;Yes;NA;TT;40;Female;Travel;Af_Lit_Greet;Temp_gland_secr;Greet_sgn;DM;46;Male;0.148925335;Different;NA;NA;NA;NA;NA;NA;NA
705;902;ZEWACT_291121_Exp34;VEC0033a;VEV0135;Vocalisation;381940;385860;3920;Exclude_end;Rumble;NA;NA;NA;NA;NA;NA;NA;NA;NA;NA;NA;NA;NA;No;Unk;Yes;NA;TT;40;Female;Travel;Af_Lit_Greet;Temp_gland_secr;Greet_sgn;DM;46;Male;0.148925335;Different;NA;NA;NA;NA;NA;NA;NA
706;903;ZEWACT_291121_Exp34;VEC0033a;VEV0136;Vocalisation;400760;407840;7080;Include;Rumble;NA;NA;NA;NA;NA;NA;NA;NA;NA;NA;NA;NA;NA;No;No;Yes;NA;TT;40;Female;Travel;Af_Lit_Greet;Temp_gland_secr;Greet_sgn;DM;46;Male;0.148925335;Different;NA;NA;NA;NA;NA;NA;NA
707;904;ZEWACT_291121_Exp34;VEC0033a;VEV0137;Vocalisation;414600;421057;6457;Include;Rumble;NA;NA;NA;NA;NA;NA;NA;NA;NA;NA;NA;NA;NA;No;No;Yes;NA;TT;40;Female;Travel;Af_Lit_Greet;Temp_gland_secr;Greet_sgn;DM;46;Male;0.148925335;Different;NA;NA;NA;NA;NA;NA;NA
720;918;ZEWACT_291121_Exp34;VEC0033b;VEV0138;Vocalisation;370840;374840;4000;Include;Rumble;NA;NA;NA;NA;NA;NA;NA;NA;NA;NA;NA;NA;NA;No;Yes;Yes;NA;DM;46;Male;Travel;Af_Lit_Greet;Urinating;Greet_unc;TT;40;Female;0.148925335;Different;NA;NA;NA;NA;NA;NA;NA
734;939;ZEWACT_301121_Exp35;VEC0034a;VEV0148;Vocalisation;171293;174920;3627;Include;Rumble;NA;NA;NA;NA;NA;NA;NA;NA;NA;NA;NA;NA;NA;No;Unk;Yes;NA;DM;46;Male;Travel;Af_Lit_Greet;Urin_Temp_gland;Greet_unc;HW;20;Female;0.15680396;Different;Last part of com Unk because HW signals as she¬¥s moving away so not sure if greeting still;NA;NA;NA;NA;NA;NA
735;940;ZEWACT_301121_Exp35;VEC0034a;VEV0149;Vocalisation;177280;180300;3020;Include;Rumble;NA;NA;NA;NA;NA;NA;NA;NA;NA;NA;NA;NA;NA;No;Yes;Yes;NA;DM;46;Male;Travel;Af_Lit_Greet;Urin_Temp_gland;Greet_unc;HW;20;Female;0.15680396;Different;Last part of com Unk because HW signals as she¬¥s moving away so not sure if greeting still;NA;NA;NA;NA;NA;NA
736;941;ZEWACT_301121_Exp35;VEC0034a;VEV0150;Vocalisation;184760;191540;6780;Include;Rumble;NA;NA;NA;NA;NA;NA;NA;NA;NA;NA;NA;NA;NA;No;Yes;Yes;NA;DM;46;Male;Travel;Af_Lit_Greet;Urin_Temp_gland;Greet_unc;HW;20;Female;0.15680396;Different;Last part of com Unk because HW signals as she¬¥s moving away so not sure if greeting still;NA;NA;NA;NA;NA;NA
737;942;ZEWACT_301121_Exp35;VEC0034a;VEV0151;Vocalisation;194690;200140;5450;Include;Rumble;NA;NA;NA;NA;NA;NA;NA;NA;NA;NA;NA;NA;NA;No;Yes;Yes;NA;DM;46;Male;Travel;Af_Lit_Greet;Urin_Temp_gland;Greet_unc;HW;20;Female;0.15680396;Different;Last part of com Unk because HW signals as she¬¥s moving away so not sure if greeting still;NA;NA;NA;NA;NA;NA
738;943;ZEWACT_301121_Exp35;VEC0034a;VEV0152;Vocalisation;203040;208760;5720;Include;Rumble;NA;NA;NA;NA;NA;NA;NA;NA;NA;NA;NA;NA;NA;No;Yes;Yes;NA;DM;46;Male;Travel;Af_Lit_Greet;Urin_Temp_gland;Greet_unc;HW;20;Female;0.15680396;Different;Last part of com Unk because HW signals as she¬¥s moving away so not sure if greeting still;NA;NA;NA;NA;NA;NA
749;954;ZEWACT_301121_Exp35;VEC0034b;VEV0139;Vocalisation;173760;175700;1940;Include;Roar;NA;NA;NA;NA;NA;NA;NA;NA;NA;NA;NA;NA;NA;Yes;NV;No;NA;HW;20;Female;Unk;Af_Lit_Greet;Urin_Temp_gland;Greet_unc;DM;46;Male;0.15680396;Different;Last part of com Unk because she signals as she¬¥s moving away so not sure if greeting still;NA;NA;NA;NA;NA;NA
750;955;ZEWACT_301121_Exp35;VEC0034b;VEV0140;Vocalisation;175700;177407;1707;Exclude_end;Rumble;NA;NA;NA;NA;NA;NA;NA;NA;NA;NA;NA;NA;NA;Yes;Unk;No;NA;HW;20;Female;Unk;Af_Lit_Greet;Urin_Temp_gland;Greet_unc;DM;46;Male;0.15680396;Different;Last part of com Unk because she signals as she¬¥s moving away so not sure if greeting still;NA;NA;NA;NA;NA;NA
751;956;ZEWACT_301121_Exp35;VEC0034b;VEV0141;Vocalisation;179400;182560;3160;Include;Rumble;NA;NA;NA;NA;NA;NA;NA;NA;NA;NA;NA;NA;NA;No;Unk;Yes;NA;HW;20;Female;Unk;Af_Lit_Greet;Urin_Temp_gland;Greet_unc;DM;46;Male;0.15680396;Different;Last part of com Unk because she signals as she¬¥s moving away so not sure if greeting still;NA;NA;NA;NA;NA;NA
752;957;ZEWACT_301121_Exp35;VEC0034b;VEV0142;Vocalisation;185820;186450;630;Include;Trumpet;NA;NA;NA;NA;NA;NA;NA;NA;NA;NA;NA;NA;NA;Yes;NV;Yes;NA;HW;20;Female;Unk;Af_Lit_Greet;Urin_Temp_gland;Greet_unc;DM;46;Male;0.15680396;Different;Last part of com Unk because she signals as she¬¥s moving away so not sure if greeting still;NA;NA;NA;NA;NA;NA
753;958;ZEWACT_301121_Exp35;VEC0034b;VEV0143;Vocalisation;186450;188243;1793;Include;Rumble;NA;NA;NA;NA;NA;NA;NA;NA;NA;NA;NA;NA;NA;Yes;Unk;Yes;NA;HW;20;Female;Unk;Af_Lit_Greet;Urin_Temp_gland;Greet_unc;DM;46;Male;0.15680396;Different;Last part of com Unk because she signals as she¬¥s moving away so not sure if greeting still;NA;NA;NA;NA;NA;NA
754;959;ZEWACT_301121_Exp35;VEC0034b;VEV0144;Vocalisation;191580;192620;1040;Include;Rumble;NA;NA;NA;NA;NA;NA;NA;NA;NA;NA;NA;NA;NA;Yes;Yes;Yes;NA;HW;20;Female;Unk;Af_Lit_Greet;Urin_Temp_gland;Greet_unc;DM;46;Male;0.15680396;Different;Last part of com Unk because she signals as she¬¥s moving away so not sure if greeting still;NA;NA;NA;NA;NA;NA
755;960;ZEWACT_301121_Exp35;VEC0034b;VEV0145;Vocalisation;192620;193960;1340;Include;Roar;NA;NA;NA;NA;NA;NA;NA;NA;NA;NA;NA;NA;NA;Yes;NV;Yes;NA;HW;20;Female;Unk;Af_Lit_Greet;Urin_Temp_gland;Greet_unc;DM;46;Male;0.15680396;Different;Last part of com Unk because she signals as she¬¥s moving away so not sure if greeting still;NA;NA;NA;NA;NA;NA
756;961;ZEWACT_301121_Exp35;VEC0034b;VEV0146;Vocalisation;193970;195960;1990;Include;Rumble;NA;NA;NA;NA;NA;NA;NA;NA;NA;NA;NA;NA;NA;Yes;Yes;Yes;NA;HW;20;Female;Unk;Af_Lit_Greet;Urin_Temp_gland;Greet_unc;DM;46;Male;0.15680396;Different;Last part of com Unk because she signals as she¬¥s moving away so not sure if greeting still;NA;NA;NA;NA;NA;NA
757;962;ZEWACT_301121_Exp35;VEC0034b;VEV0147;Vocalisation;199520;203960;4440;Include;Rumble;NA;NA;NA;NA;NA;NA;NA;NA;NA;NA;NA;NA;NA;No;Yes;Yes;NA;HW;20;Female;Unk;Af_Lit_Greet;Urin_Temp_gland;Greet_unc;DM;46;Male;0.15680396;Different;Last part of com Unk because she signals as she¬¥s moving away so not sure if greeting still;NA;NA;NA;NA;NA;NA
765;970;ZEWACT_301121_Exp36;VEC0035a;VEV0153;Vocalisation;289240;292040;2800;Include;Rumble;NA;NA;NA;NA;NA;NA;NA;NA;NA;NA;NA;NA;NA;No;Unk;No;NA;KB;20;Female;Unk;Af_Lit_Greet;Temp_gland_secr;Greet_unc;MS;20;Female;0.137141714;Same;NA;NA;NA;NA;NA;NA;NA
766;971;ZEWACT_301121_Exp36;VEC0035a;VEV0154;Vocalisation;295240;296000;760;Exclude_end;Rumble;NA;NA;NA;NA;NA;NA;NA;NA;NA;NA;NA;NA;NA;No;Unk;No;NA;KB;20;Female;Unk;Af_Lit_Greet;Temp_gland_secr;Greet_unc;MS;20;Female;0.137141714;Same;NA;NA;NA;NA;NA;NA;NA
767;972;ZEWACT_301121_Exp36;VEC0035a;VEV0155;Vocalisation;308159;311199;3040;Exclude_end;Rumble;NA;NA;NA;NA;NA;NA;NA;NA;NA;NA;NA;NA;NA;No;Unk;Yes;NA;KB;20;Female;Unk;Af_Lit_Greet;Temp_gland_secr;Greet_unc;MS;20;Female;0.137141714;Same;NA;NA;NA;NA;NA;NA;NA
768;973;ZEWACT_301121_Exp36;VEC0035a;VEV0156;Vocalisation;313466;315766;2300;Exclude_end;Rumble;NA;NA;NA;NA;NA;NA;NA;NA;NA;NA;NA;NA;NA;No;Yes;Yes;NA;KB;20;Female;Unk;Af_Lit_Greet;Temp_gland_secr;Greet_unc;MS;20;Female;0.137141714;Same;NA;NA;NA;NA;NA;NA;NA
777;986;ZEWACT_301121_Exp36;VEC0035b;VEV0157;Vocalisation;293120;298380;5260;Include;Rumble;NA;NA;NA;NA;NA;NA;NA;NA;NA;NA;NA;NA;NA;No;Yes;Yes;NA;MS;20;Female;Travel;Af_Lit_Greet;Urin_Temp_gland;Greet_unc;KB;20;Female;0.137141714;Same;NA;NA;NA;NA;NA;NA;NA
788;997;ZEWACT_011221_Exp37;VEC0036a;VEV0158;Vocalisation;337060;343380;6320;Exclude;Rumble;NA;NA;NA;NA;NA;NA;NA;NA;NA;NA;NA;NA;NA;No;Yes;Yes;NA;KB;20;Female;Unk;Af_Greet_Cer;Urin_Temp_gland;Greet_unc;DM;46;Male;0.21952885;Different;NA;NA;NA;NA;NA;NA;NA
789;998;ZEWACT_011221_Exp37;VEC0036a;VEV0159;Vocalisation;345540;350540;5000;Include;Rumble;NA;NA;NA;NA;NA;NA;NA;NA;NA;NA;NA;NA;NA;No;Yes;Yes;NA;KB;20;Female;Unk;Af_Greet_Cer;Urin_Temp_gland;Greet_unc;DM;46;Male;0.21952885;Different;NA;NA;NA;NA;NA;NA;NA
790;999;ZEWACT_011221_Exp37;VEC0036a;VEV0160;Vocalisation;356180;364760;8580;Include;Rumble;NA;NA;NA;NA;NA;NA;NA;NA;NA;NA;NA;NA;NA;No;Unk;Yes;NSG;KB;20;Female;Unk;Af_Greet_Cer;Urin_Temp_gland;Greet_unc;DM;46;Male;0.21952885;Different;NA;NA;NA;NA;NA;NA;NA
803;1012;ZEWACT_011221_Exp37;VEC0036b;VEV0161;Vocalisation;337060;343380;6320;Exclude;Rumble;NA;NA;NA;NA;NA;NA;NA;NA;NA;NA;NA;NA;NA;No;NV;Yes;NA;DM;46;Male;Drinking;Af_Greet_Cer;Unk;Greet_unc;KB;20;Female;0.21952885;Different;NA;NA;NA;NA;NA;NA;NA
804;1013;ZEWACT_011221_Exp37;VEC0036b;VEV0162;Vocalisation;357300;363140;5840;Include;Rumble;NA;NA;NA;NA;NA;NA;NA;NA;NA;NA;NA;NA;NA;No;Unk;Yes;NSG;DM;46;Male;Drinking;Af_Greet_Cer;Unk;Greet_unc;KB;20;Female;0.21952885;Different;NA;NA;NA;NA;NA;NA;NA
815;1043;ZEWACT_021221_Exp39;VEC0038a;VEV0163;Vocalisation;325200;332080;6880;Include;Rumble;NA;NA;NA;NA;NA;NA;NA;NA;NA;NA;NA;NA;NA;No;Unk;Yes;NSG;DM;46;Male;Drinking;Af_Lit_Greet;Urin_Temp_gland;Greet_rcp;MN;26;Male;0.160529737;Same;NA;NA;NA;NA;NA;NA;NA
816;1044;ZEWACT_021221_Exp39;VEC0038a;VEV0164;Vocalisation;343960;350565;6605;Include;Rumble;NA;NA;NA;NA;NA;NA;NA;NA;NA;NA;NA;NA;NA;No;Yes;Yes;NA;DM;46;Male;Drinking;Af_Lit_Greet;Urin_Temp_gland;Greet_rcp;MN;26;Male;0.160529737;Same;NA;NA;NA;NA;NA;NA;NA
817;1045;ZEWACT_021221_Exp39;VEC0038a;VEV0165;Vocalisation;361120;365760;4640;Include;Rumble;NA;NA;NA;NA;NA;NA;NA;NA;NA;NA;NA;NA;NA;No;Unk;Yes;NA;DM;46;Male;Drinking;Af_Lit_Greet;Urin_Temp_gland;Greet_rcp;MN;26;Male;0.160529737;Same;NA;NA;NA;NA;NA;NA;NA
818;1046;ZEWACT_021221_Exp39;VEC0038a;VEV0166;Vocalisation;368720;378680;9960;Include;Rumble;NA;NA;NA;NA;NA;NA;NA;NA;NA;NA;NA;NA;NA;No;Yes;Yes;NA;DM;46;Male;Drinking;Af_Lit_Greet;Urin_Temp_gland;Greet_rcp;MN;26;Male;0.160529737;Same;NA;NA;NA;NA;NA;NA;NA
819;1047;ZEWACT_021221_Exp39;VEC0038a;VEV0167;Vocalisation;385080;393000;7920;Include;Rumble;NA;NA;NA;NA;NA;NA;NA;NA;NA;NA;NA;NA;NA;No;Yes;Yes;NA;DM;46;Male;Drinking;Af_Lit_Greet;Urin_Temp_gland;Greet_rcp;MN;26;Male;0.160529737;Same;NA;NA;NA;NA;NA;NA;NA
832;1060;ZEWACT_021221_Exp39;VEC0038b;VEV0168;Vocalisation;358640;364400;5760;Exclude_end;Rumble;NA;NA;NA;NA;NA;NA;NA;NA;NA;NA;NA;NA;NA;No;Yes;Yes;NA;MN;26;Male;Travel;Af_Lit_Greet;Urin_Temp_gland;Greet_sgn;DM;46;Male;0.160529737;Same;NA;NA;NA;NA;NA;NA;NA
833;1061;ZEWACT_021221_Exp39;VEC0038b;VEV0169;Vocalisation;366520;368400;1880;Include;Trumpet;NA;NA;NA;NA;NA;NA;NA;NA;NA;NA;NA;NA;NA;No;NV;Yes;NA;MN;26;Male;Travel;Af_Lit_Greet;Urin_Temp_gland;Greet_sgn;DM;46;Male;0.160529737;Same;NA;NA;NA;NA;NA;NA;NA
835;1066;ZEWACT_021221_Exp40;VEC0039a;VEV0170;Vocalisation;156525;158520;1995;Include;Rumble;NA;NA;NA;NA;NA;NA;NA;NA;NA;NA;NA;NA;NA;No;Unk;Yes;NA;HW;20;Female;Travel;Af_Lit_Greet;Unclear;Greet_unc;KB;20;Female;0.375132225;Same;NA;NA;NA;NA;NA;NA;NA
836;1067;ZEWACT_021221_Exp40;VEC0039a;VEV0171;Vocalisation;162767;165280;2513;Include;Rumble;NA;NA;NA;NA;NA;NA;NA;NA;NA;NA;NA;NA;NA;No;Unk;Yes;NA;HW;20;Female;Travel;Af_Lit_Greet;Unclear;Greet_unc;KB;20;Female;0.375132225;Same;NA;NA;NA;NA;NA;NA;NA
841;1073;ZEWACT_021221_Exp40;VEC0039b;VEV0172;Vocalisation;160160;162900;2740;Include;Rumble;NA;NA;NA;NA;NA;NA;NA;NA;NA;NA;NA;NA;NA;No;Unk;No;NA;KB;20;Female;Travel;Af_Lit_Greet;Unclear;Greet_unc;HW;20;Female;0.375132225;Same;NA;NA;NA;NA;NA;NA;NA
861;1095;ZEWACT_031221_Exp41;VEC0040a;VEV0173;Vocalisation;120200;125120;4920;Include;Rumble;NA;NA;NA;NA;NA;NA;NA;NA;NA;NA;NA;NA;NA;No;Yes;Yes;NA;MS;20;Female;Travel;Af_Lit_Greet;Urin_Temp_gland;Greet_unc;KB;20;Female;0.137141714;Same;drinking while gesturing;NA;NA;NA;NA;NA;NA
862;1096;ZEWACT_031221_Exp41;VEC0040a;VEV0174;Vocalisation;133840;138480;4640;Include;Rumble;NA;NA;NA;NA;NA;NA;NA;NA;NA;NA;NA;NA;NA;No;Yes;Yes;NA;MS;20;Female;Travel;Af_Lit_Greet;Urin_Temp_gland;Greet_unc;KB;20;Female;0.137141714;Same;drinking while gesturing;NA;NA;NA;NA;NA;NA
863;1097;ZEWACT_031221_Exp41;VEC0040a;VEV0175;Vocalisation;143000;148886;5886;Include;Rumble;NA;NA;NA;NA;NA;NA;NA;NA;NA;NA;NA;NA;NA;No;Yes;Yes;NA;MS;20;Female;Travel;Af_Lit_Greet;Urin_Temp_gland;Greet_unc;KB;20;Female;0.137141714;Same;drinking while gesturing;NA;NA;NA;NA;NA;NA
864;1098;ZEWACT_031221_Exp41;VEC0040a;VEV0176;Vocalisation;151560;157440;5880;Include;Rumble;NA;NA;NA;NA;NA;NA;NA;NA;NA;NA;NA;NA;NA;No;Yes;Yes;NA;MS;20;Female;Travel;Af_Lit_Greet;Urin_Temp_gland;Greet_unc;KB;20;Female;0.137141714;Same;drinking while gesturing;NA;NA;NA;NA;NA;NA
865;1099;ZEWACT_031221_Exp41;VEC0040a;VEV0177;Vocalisation;165120;173120;8000;Include;Rumble;NA;NA;NA;NA;NA;NA;NA;NA;NA;NA;NA;NA;NA;No;Yes;Yes;NA;MS;20;Female;Travel;Af_Lit_Greet;Urin_Temp_gland;Greet_unc;KB;20;Female;0.137141714;Same;drinking while gesturing;NA;NA;NA;NA;NA;NA
866;1100;ZEWACT_031221_Exp41;VEC0040a;VEV0178;Vocalisation;203660;209040;5380;Include;Rumble;NA;NA;NA;NA;NA;NA;NA;NA;NA;NA;NA;NA;NA;No;Yes;Yes;NA;MS;20;Female;Travel;Af_Lit_Greet;Urin_Temp_gland;Greet_unc;KB;20;Female;0.137141714;Same;drinking while gesturing;NA;NA;NA;NA;NA;NA
885;1120;ZEWACT_031221_Exp41;VEC0040b;VEV0179;Vocalisation;132200;135080;2880;Exclude_end;Rumble;NA;NA;NA;NA;NA;NA;NA;NA;NA;NA;NA;NA;NA;No;Unk;Yes;NA;KB;20;Female;Travel;Af_Lit_Greet;Temp_gland_secr;Greet_unc;MS;20;Female;0.137141714;Same;NA;NA;NA;NA;NA;NA;NA
886;1121;ZEWACT_031221_Exp41;VEC0040b;VEV0180;Vocalisation;188200;194400;6200;Include;Rumble;NA;NA;NA;NA;NA;NA;NA;NA;NA;NA;NA;NA;NA;No;Unk;Yes;NA;KB;20;Female;Travel;Af_Lit_Greet;Temp_gland_secr;Greet_unc;MS;20;Female;0.137141714;Same;NA;NA;NA;NA;NA;NA;NA
887;1122;ZEWACT_031221_Exp41;VEC0040b;VEV0181;Vocalisation;215600;219720;4120;Include;Rumble;NA;NA;NA;NA;NA;NA;NA;NA;NA;NA;NA;NA;NA;No;Yes;Yes;NA;KB;20;Female;Travel;Af_Lit_Greet;Temp_gland_secr;Greet_unc;MS;20;Female;0.137141714;Same;NA;NA;NA;NA;NA;NA;NA
907;1146;ZEWACT_031221_Exp42;VEC0041a;VEV0182;Vocalisation;212010;215040;3030;Include;Rumble;NA;NA;NA;NA;NA;NA;NA;NA;NA;NA;NA;NA;NA;No;Unk;No;NA;HW;20;Female;Unk;Af_Lit_Greet;Urin_Temp_gland;Greet_sgn;DM;46;Male;0.15680396;Different;NA;NA;NA;NA;NA;NA;NA
908;1147;ZEWACT_031221_Exp42;VEC0041a;VEV0183;Vocalisation;234280;237480;3200;Include;Roar;NA;NA;NA;NA;NA;NA;NA;NA;NA;NA;NA;NA;NA;No;NV;Yes;NA;HW;20;Female;Unk;Af_Lit_Greet;Urin_Temp_gland;Greet_sgn;DM;46;Male;0.15680396;Different;NA;NA;NA;NA;NA;NA;NA
909;1148;ZEWACT_031221_Exp42;VEC0041a;VEV0184;Vocalisation;241240;245400;4160;Include;Rumble;NA;NA;NA;NA;NA;NA;NA;NA;NA;NA;NA;NA;NA;No;Yes;Yes;NA;HW;20;Female;Unk;Af_Lit_Greet;Urin_Temp_gland;Greet_sgn;DM;46;Male;0.15680396;Different;NA;NA;NA;NA;NA;NA;NA
910;1149;ZEWACT_031221_Exp42;VEC0041a;VEV0185;Vocalisation;247600;251960;4360;Include;Rumble;NA;NA;NA;NA;NA;NA;NA;NA;NA;NA;NA;NA;NA;No;Yes;Yes;NA;HW;20;Female;Unk;Af_Lit_Greet;Urin_Temp_gland;Greet_sgn;DM;46;Male;0.15680396;Different;NA;NA;NA;NA;NA;NA;NA
911;1150;ZEWACT_031221_Exp42;VEC0041a;VEV0186;Vocalisation;254120;258560;4440;Include;Rumble;NA;NA;NA;NA;NA;NA;NA;NA;NA;NA;NA;NA;NA;No;Yes;Yes;NA;HW;20;Female;Unk;Af_Lit_Greet;Urin_Temp_gland;Greet_sgn;DM;46;Male;0.15680396;Different;NA;NA;NA;NA;NA;NA;NA
925;1169;ZEWACT_031221_Exp42;VEC0041b;VEV0187;Vocalisation;234800;239360;4560;Include;Rumble;NA;NA;NA;NA;NA;NA;NA;NA;NA;NA;NA;NA;NA;No;Yes;Yes;NA;DM;46;Male;Travel;Af_Lit_Greet;None;Greet_rcp;HW;20;Female;0.15680396;Different;NA;NA;NA;NA;NA;NA;NA
926;1170;ZEWACT_031221_Exp42;VEC0041b;VEV0188;Vocalisation;242080;254880;12800;Exclude;Rumble;NA;NA;NA;NA;NA;NA;NA;NA;NA;NA;NA;NA;NA;No;Yes;Yes;NA;DM;46;Male;Travel;Af_Lit_Greet;None;Greet_rcp;HW;20;Female;0.15680396;Different;NA;NA;NA;NA;NA;NA;NA
927;1171;ZEWACT_031221_Exp42;VEC0041b;VEV0189;Vocalisation;260930;265120;4190;Include;Rumble;NA;NA;NA;NA;NA;NA;NA;NA;NA;NA;NA;NA;NA;No;Yes;Yes;NA;DM;46;Male;Travel;Af_Lit_Greet;None;Greet_rcp;HW;20;Female;0.15680396;Different;NA;NA;NA;NA;NA;NA;NA
932;1176;ZEWACT_061221_Exp43;VEC0042a;VEV0190;Vocalisation;339280;344120;4840;Include;Rumble;NA;NA;NA;NA;NA;NA;NA;NA;NA;NA;NA;NA;NA;No;Unk;No;NA;TT;40;Female;Unk;Af_Lit_Greet;Temp_gland_secr;Greet_sgn;DM;46;Male;0.148925335;Different;NA;NA;NA;NA;NA;NA;NA
933;1177;ZEWACT_061221_Exp43;VEC0042a;VEV0191;Vocalisation;350880;360880;10000;Include;Rumble;NA;NA;NA;NA;NA;NA;NA;NA;NA;NA;NA;NA;NA;No;Unk;No;NA;TT;40;Female;Unk;Af_Lit_Greet;Temp_gland_secr;Greet_sgn;DM;46;Male;0.148925335;Different;NA;NA;NA;NA;NA;NA;NA
934;1178;ZEWACT_061221_Exp43;VEC0042a;VEV0192;Vocalisation;365120;372720;7600;Exclude_end;Rumble;NA;NA;NA;NA;NA;NA;NA;NA;NA;NA;NA;NA;NA;No;Unk;Yes;NA;TT;40;Female;Unk;Af_Lit_Greet;Temp_gland_secr;Greet_sgn;DM;46;Male;0.148925335;Different;NA;NA;NA;NA;NA;NA;NA
942;1190;ZEWACT_061221_Exp43;VEC0042b;VEV0193;Vocalisation;343400;348240;4840;Include;Rumble;NA;NA;NA;NA;NA;NA;NA;NA;NA;NA;NA;NA;NA;No;Unk;Yes;NA;DM;46;Male;Unk;Af_Lit_Greet;Urinating;Greet_rcp;TT;40;Female;0.148925335;Different;NA;NA;NA;NA;NA;NA;NA
943;1191;ZEWACT_061221_Exp43;VEC0042b;VEV0194;Vocalisation;357680;366400;8720;Include;Rumble;NA;NA;NA;NA;NA;NA;NA;NA;NA;NA;NA;NA;NA;No;Yes;Yes;NA;DM;46;Male;Unk;Af_Lit_Greet;Urinating;Greet_rcp;TT;40;Female;0.148925335;Different;NA;NA;NA;NA;NA;NA;NA
944;1192;ZEWACT_061221_Exp43;VEC0042b;VEV0195;Vocalisation;374040;377520;3480;Include;Rumble;NA;NA;NA;NA;NA;NA;NA;NA;NA;NA;NA;NA;NA;No;Unk;Yes;NA;DM;46;Male;Unk;Af_Lit_Greet;Urinating;Greet_rcp;TT;40;Female;0.148925335;Different;NA;NA;NA;NA;NA;NA;NA
959;1218;ZEWACT_071221_Exp45;VEC0044a;VEV0196;Vocalisation;166320;171240;4920;Include;Rumble;NA;NA;NA;NA;NA;NA;NA;NA;NA;NA;NA;NA;NA;No;Unk;Yes;NA;DM;46;Male;Travel;Af_Lit_Greet;More;Greet_rcp;KB;20;Female;0.21952885;Different;NA;NA;NA;NA;NA;NA;NA
960;1219;ZEWACT_071221_Exp45;VEC0044a;VEV0197;Vocalisation;181920;187960;6040;Include;Rumble;NA;NA;NA;NA;NA;NA;NA;NA;NA;NA;NA;NA;NA;No;Unk;Yes;NA;DM;46;Male;Travel;Af_Lit_Greet;More;Greet_rcp;KB;20;Female;0.21952885;Different;NA;NA;NA;NA;NA;NA;NA
961;1220;ZEWACT_071221_Exp45;VEC0044a;VEV0198;Vocalisation;199520;206640;7120;Include;Rumble;NA;NA;NA;NA;NA;NA;NA;NA;NA;NA;NA;NA;NA;No;Unk;Yes;NA;DM;46;Male;Travel;Af_Lit_Greet;More;Greet_rcp;KB;20;Female;0.21952885;Different;NA;NA;NA;NA;NA;NA;NA
962;1221;ZEWACT_071221_Exp45;VEC0044a;VEV0199;Vocalisation;207800;213320;5520;Include;Rumble;NA;NA;NA;NA;NA;NA;NA;NA;NA;NA;NA;NA;NA;No;Yes;Yes;NA;DM;46;Male;Travel;Af_Lit_Greet;More;Greet_rcp;KB;20;Female;0.21952885;Different;NA;NA;NA;NA;NA;NA;NA
963;1222;ZEWACT_071221_Exp45;VEC0044a;VEV0200;Vocalisation;214200;218320;4120;Exclude;Rumble;NA;NA;NA;NA;NA;NA;NA;NA;NA;NA;NA;NA;NA;No;Yes;Yes;NA;DM;46;Male;Travel;Af_Lit_Greet;More;Greet_rcp;KB;20;Female;0.21952885;Different;NA;NA;NA;NA;NA;NA;NA
964;1223;ZEWACT_071221_Exp45;VEC0044a;VEV0201;Vocalisation;221080;228360;7280;Include;Rumble;NA;NA;NA;NA;NA;NA;NA;NA;NA;NA;NA;NA;NA;No;Yes;Yes;NA;DM;46;Male;Travel;Af_Lit_Greet;More;Greet_rcp;KB;20;Female;0.21952885;Different;NA;NA;NA;NA;NA;NA;NA
981;1241;ZEWACT_071221_Exp45;VEC0044b;VEV0202;Vocalisation;180560;182680;2120;Include;Rumble;NA;NA;NA;NA;NA;NA;NA;NA;NA;NA;NA;NA;NA;No;Unk;No;NA;KB;20;Female;Travel;Af_Lit_Greet;Urin_Temp_gland;Greet_sgn;DM;46;Male;0.21952885;Different;NA;NA;NA;NA;NA;NA;NA
982;1242;ZEWACT_071221_Exp45;VEC0044b;VEV0203;Vocalisation;191462;193106;1644;Include;Trumpet;NA;NA;NA;NA;NA;NA;NA;NA;NA;NA;NA;NA;NA;No;NV;No;NA;KB;20;Female;Travel;Af_Lit_Greet;Urin_Temp_gland;Greet_sgn;DM;46;Male;0.21952885;Different;NA;NA;NA;NA;NA;NA;NA
983;1243;ZEWACT_071221_Exp45;VEC0044b;VEV0204;Vocalisation;194440;195131;691;Include;Trumpet;NA;NA;NA;NA;NA;NA;NA;NA;NA;NA;NA;NA;NA;No;NV;No;NA;KB;20;Female;Travel;Af_Lit_Greet;Urin_Temp_gland;Greet_sgn;DM;46;Male;0.21952885;Different;NA;NA;NA;NA;NA;NA;NA
984;1244;ZEWACT_071221_Exp45;VEC0044b;VEV0205;Vocalisation;196053;198960;2907;Include;Trumpet;NA;NA;NA;NA;NA;NA;NA;NA;NA;NA;NA;NA;NA;No;NV;No;NA;KB;20;Female;Travel;Af_Lit_Greet;Urin_Temp_gland;Greet_sgn;DM;46;Male;0.21952885;Different;NA;NA;NA;NA;NA;NA;NA
985;1245;ZEWACT_071221_Exp45;VEC0044b;VEV0206;Vocalisation;201208;203196;1988;Include;Trumpet;NA;NA;NA;NA;NA;NA;NA;NA;NA;NA;NA;NA;NA;No;NV;Yes;NA;KB;20;Female;Travel;Af_Lit_Greet;Urin_Temp_gland;Greet_sgn;DM;46;Male;0.21952885;Different;NA;NA;NA;NA;NA;NA;NA
986;1246;ZEWACT_071221_Exp45;VEC0044b;VEV0207;Vocalisation;216800;220560;3760;Include;Rumble;NA;NA;NA;NA;NA;NA;NA;NA;NA;NA;NA;NA;NA;No;Yes;Yes;NA;KB;20;Female;Travel;Af_Lit_Greet;Urin_Temp_gland;Greet_sgn;DM;46;Male;0.21952885;Different;NA;NA;NA;NA;NA;NA;NA
987;1247;ZEWACT_071221_Exp45;VEC0044b;VEV0208;Vocalisation;223720;228520;4800;Include;Rumble;NA;NA;NA;NA;NA;NA;NA;NA;NA;NA;NA;NA;NA;No;Yes;Yes;NA;KB;20;Female;Travel;Af_Lit_Greet;Urin_Temp_gland;Greet_sgn;DM;46;Male;0.21952885;Different;NA;NA;NA;NA;NA;NA;NA
996;1263;ZEWACT_081221_Exp47;VEC0046a;VEV0214;Vocalisation;164340;167120;2780;Include;Rumble;NA;NA;NA;NA;NA;NA;NA;NA;NA;NA;NA;NA;NA;No;Yes;Yes;NA;DM;46;Male;Travel;Af_Lit_Greet;Urin_Temp_gland;Greet_rcp;MN;26;Male;0.160529737;Same;Com goes from greeting to traveling so not sure when greeting signals end;NA;NA;NA;NA;NA;NA
1011;1280;ZEWACT_081221_Exp47;VEC0046b;VEV0211;Vocalisation;161140;162840;1700;Include;Trumpet;NA;NA;NA;NA;NA;NA;NA;NA;NA;NA;NA;NA;NA;No;NV;Yes;NA;MN;26;Male;Travel;Af_Lit_Greet;Urin_Temp_gland;Greet_sgn;DM;46;Male;0.160529737;Same;Com goes from greeting to traveling so not sure when greeting signals end but not coded from when unsure;NA;NA;NA;NA;NA;NA
1012;1281;ZEWACT_081221_Exp47;VEC0046b;VEV0212;Vocalisation;164180;164920;740;Include;Trumpet;NA;NA;NA;NA;NA;NA;NA;NA;NA;NA;NA;NA;NA;Yes;NV;Yes;NA;MN;26;Male;Travel;Af_Lit_Greet;Urin_Temp_gland;Greet_sgn;DM;46;Male;0.160529737;Same;Com goes from greeting to traveling so not sure when greeting signals end but not coded from when unsure;NA;NA;NA;NA;NA;NA
1013;1282;ZEWACT_081221_Exp47;VEC0046b;VEV0213;Vocalisation;164920;169356;4436;Include;Rumble;NA;NA;NA;NA;NA;NA;NA;NA;NA;NA;NA;NA;NA;Yes;Yes;Yes;NA;MN;26;Male;Travel;Af_Lit_Greet;Urin_Temp_gland;Greet_sgn;DM;46;Male;0.160529737;Same;Com goes from greeting to traveling so not sure when greeting signals end but not coded from when unsure;NA;NA;NA;NA;NA;NA
1016;1287;ZEWACT_081221_Exp48;VEC0047a;VEV0215;Vocalisation;175722;179320;3598;Include;Rumble;NA;NA;NA;NA;NA;NA;NA;NA;NA;NA;NA;NA;NA;No;Yes;Yes;NA;HW;20;Female;Travel;Af_Lit_Greet;None;Greet_unc;KB;20;Female;0.375132225;Same;NA;NA;NA;NA;NA;NA;NA
1017;1288;ZEWACT_081221_Exp48;VEC0047a;VEV0216;Vocalisation;181700;184400;2700;Include;Rumble;NA;NA;NA;NA;NA;NA;NA;NA;NA;NA;NA;NA;NA;No;Unk;Yes;NA;HW;20;Female;Travel;Af_Lit_Greet;None;Greet_unc;KB;20;Female;0.375132225;Same;NA;NA;NA;NA;NA;NA;NA
1018;1289;ZEWACT_081221_Exp48;VEC0047a;VEV0217;Vocalisation;186520;190400;3880;Include;Rumble;NA;NA;NA;NA;NA;NA;NA;NA;NA;NA;NA;NA;NA;No;Unk;Yes;NA;HW;20;Female;Travel;Af_Lit_Greet;None;Greet_unc;KB;20;Female;0.375132225;Same;NA;NA;NA;NA;NA;NA;NA
1022;1293;ZEWACT_081221_Exp48;VEC0047b;VEV0218;Vocalisation;179200;181760;2560;Include;Rumble;NA;NA;NA;NA;NA;NA;NA;NA;NA;NA;NA;NA;NA;No;Unk;No;NA;KB;20;Female;Travel;Af_Lit_Greet;None;Greet_unc;HW;20;Female;0.375132225;Same;NA;NA;NA;NA;NA;NA;NA
1023;1294;ZEWACT_081221_Exp48;VEC0047b;VEV0219;Vocalisation;184240;187800;3560;Include;Rumble;NA;NA;NA;NA;NA;NA;NA;NA;NA;NA;NA;NA;NA;No;Yes;Yes;NA;KB;20;Female;Travel;Af_Lit_Greet;None;Greet_unc;HW;20;Female;0.375132225;Same;NA;NA;NA;NA;NA;NA;NA
1035;1306;ZEWACT_101221_Exp49;VEC0048a;VEV0220;Vocalisation;198280;202840;4560;Include;Rumble;NA;NA;NA;NA;NA;NA;NA;NA;NA;NA;NA;NA;NA;Unk;Yes;Yes;NA;HW;20;Female;Travel;Af_Lit_Greet;Urinating;Greet_sgn;DM;46;Male;0.15680396;Different;NA;NA;NA;NA;NA;NA;NA
1036;1307;ZEWACT_101221_Exp49;VEC0048a;VEV0221;Vocalisation;205826;209960;4134;Include;Rumble;NA;NA;NA;NA;NA;NA;NA;NA;NA;NA;NA;NA;NA;Unk;Yes;Yes;NA;HW;20;Female;Travel;Af_Lit_Greet;Urinating;Greet_sgn;DM;46;Male;0.15680396;Different;NA;NA;NA;NA;NA;NA;NA
1055;1329;ZEWACT_101221_Exp49;VEC0048b;VEV0222;Vocalisation;169466;175080;5614;Include;Rumble;NA;NA;NA;NA;NA;NA;NA;NA;NA;NA;NA;NA;NA;No;Yes;Yes;NA;DM;46;Male;Travel;Af_Lit_Greet;Urinating;Greet_rcp;HW;20;Female;0.15680396;Different;NA;NA;NA;NA;NA;NA;NA
1056;1330;ZEWACT_101221_Exp49;VEC0048b;VEV0223;Vocalisation;194332;196240;1908;Exclude;Roar;NA;NA;NA;NA;NA;NA;NA;NA;NA;NA;NA;NA;NA;Unk;NV;Yes;NA;DM;46;Male;Travel;Af_Lit_Greet;Urinating;Greet_rcp;HW;20;Female;0.15680396;Different;NA;NA;NA;NA;NA;NA;NA
1057;1331;ZEWACT_101221_Exp49;VEC0048b;VEV0224;Vocalisation;201240;206160;4920;Exclude_end;Rumble;NA;NA;NA;NA;NA;NA;NA;NA;NA;NA;NA;NA;NA;No;Yes;Yes;NA;DM;46;Male;Travel;Af_Lit_Greet;Urinating;Greet_rcp;HW;20;Female;0.15680396;Different;NA;NA;NA;NA;NA;NA;NA
1061;1359;ZEWACT_111221_Exp52;VEC0050a;VEV0230;Vocalisation;175000;180034;5034;Include;Rumble;NA;NA;NA;NA;NA;NA;NA;NA;NA;NA;NA;NA;NA;No;Unk;Yes;NA;DM;46;Male;Travel;Af_Lit_Greet;None;Greet_unc;TT;40;Female;0.148925335;Different;NA;NA;NA;NA;NA;NA;NA
1062;1360;ZEWACT_111221_Exp52;VEC0050a;VEV0231;Vocalisation;202880;208698;5818;Include;Rumble;NA;NA;NA;NA;NA;NA;NA;NA;NA;NA;NA;NA;NA;No;Yes;Yes;NA;DM;46;Male;Travel;Af_Lit_Greet;None;Greet_unc;TT;40;Female;0.148925335;Different;NA;NA;NA;NA;NA;NA;NA
1076;1376;ZEWACT_111221_Exp52;VEC0050b;VEV0232;Vocalisation;179700;183400;3700;Include;Rumble;NA;NA;NA;NA;NA;NA;NA;NA;NA;NA;NA;NA;NA;No;Unk;No;NA;TT;40;Female;Travel;Af_Lit_Greet;Temp_gland_secr;Greet_unc;DM;46;Male;0.148925335;Different;NA;NA;NA;NA;NA;NA;NA
1077;1377;ZEWACT_111221_Exp52;VEC0050b;VEV0233;Vocalisation;198000;201760;3760;Exclude;Rumble;NA;NA;NA;NA;NA;NA;NA;NA;NA;NA;NA;NA;NA;No;Unk;No;NA;TT;40;Female;Travel;Af_Lit_Greet;Temp_gland_secr;Greet_unc;DM;46;Male;0.148925335;Different;NA;NA;NA;NA;NA;NA;NA
1078;1378;ZEWACT_111221_Exp52;VEC0050b;VEV0234;Vocalisation;215200;220440;5240;Include;Rumble;NA;NA;NA;NA;NA;NA;NA;NA;NA;NA;NA;NA;NA;No;Unk;Yes;NA;TT;40;Female;Travel;Af_Lit_Greet;Temp_gland_secr;Greet_unc;DM;46;Male;0.148925335;Different;NA;NA;NA;NA;NA;NA;NA
1083;1404;ZEWACT_121221_Exp53;VEC0051a;VEV0235;Vocalisation;147820;152600;4780;Include;Rumble;NA;NA;NA;NA;NA;NA;NA;NA;NA;NA;NA;NA;NA;No;Unk;Yes;NSG;DM;46;Male;Travel;Af_Lit_Greet;Urin_Temp_gland;Greet_unc;KB;20;Female;0.21952885;Different;NA;NA;NA;NA;NA;NA;NA
1084;1405;ZEWACT_121221_Exp53;VEC0051a;VEV0236;Vocalisation;166080;171760;5680;Include;Rumble;NA;NA;NA;NA;NA;NA;NA;NA;NA;NA;NA;NA;NA;No;Unk;Yes;NA;DM;46;Male;Travel;Af_Lit_Greet;Urin_Temp_gland;Greet_unc;KB;20;Female;0.21952885;Different;NA;NA;NA;NA;NA;NA;NA
1085;1406;ZEWACT_121221_Exp53;VEC0051a;VEV0237;Vocalisation;179920;186820;6900;Include;Rumble;NA;NA;NA;NA;NA;NA;NA;NA;NA;NA;NA;NA;NA;No;No;Yes;NA;DM;46;Male;Travel;Af_Lit_Greet;Urin_Temp_gland;Greet_unc;KB;20;Female;0.21952885;Different;NA;NA;NA;NA;NA;NA;NA
1086;1407;ZEWACT_121221_Exp53;VEC0051a;VEV0238;Vocalisation;190940;197420;6480;Include;Rumble;NA;NA;NA;NA;NA;NA;NA;NA;NA;NA;NA;NA;NA;No;Yes;Yes;NA;DM;46;Male;Travel;Af_Lit_Greet;Urin_Temp_gland;Greet_unc;KB;20;Female;0.21952885;Different;NA;NA;NA;NA;NA;NA;NA
1087;1408;ZEWACT_121221_Exp53;VEC0051a;VEV0239;Vocalisation;202920;207289;4369;Exclude_end;Rumble;NA;NA;NA;NA;NA;NA;NA;NA;NA;NA;NA;NA;NA;No;Unk;Yes;NA;DM;46;Male;Travel;Af_Lit_Greet;Urin_Temp_gland;Greet_unc;KB;20;Female;0.21952885;Different;NA;NA;NA;NA;NA;NA;NA
1088;1409;ZEWACT_121221_Exp53;VEC0051a;VEV0240;Vocalisation;213960;220341;6381;Include;Rumble;NA;NA;NA;NA;NA;NA;NA;NA;NA;NA;NA;NA;NA;No;Yes;Yes;NA;DM;46;Male;Travel;Af_Lit_Greet;Urin_Temp_gland;Greet_unc;KB;20;Female;0.21952885;Different;NA;NA;NA;NA;NA;NA;NA
1097;1418;ZEWACT_121221_Exp53;VEC0051b;VEV0298;Vocalisation;163440;165600;2160;Exclude;Rumble;NA;NA;NA;NA;NA;NA;NA;NA;NA;NA;NA;NA;NA;No;Unk;No;NA;KB;20;Female;Travel;Af_Lit_Greet;Urin_Temp_gland;Greet_unc;DM;46;Male;0.21952885;Different;NA;NA;NA;NA;NA;NA;NA
1098;1419;ZEWACT_121221_Exp53;VEC0051b;VEV0299;Vocalisation;171960;174500;2540;Include;Trumpet;NA;NA;NA;NA;NA;NA;NA;NA;NA;NA;NA;NA;NA;No;NV;No;NA;KB;20;Female;Travel;Af_Lit_Greet;Urin_Temp_gland;Greet_unc;DM;46;Male;0.21952885;Different;NA;NA;NA;NA;NA;NA;NA
1099;1420;ZEWACT_121221_Exp53;VEC0051b;VEV0300;Vocalisation;177560;180220;2660;Include;Trumpet;NA;NA;NA;NA;NA;NA;NA;NA;NA;NA;NA;NA;NA;No;NV;No;NA;KB;20;Female;Travel;Af_Lit_Greet;Urin_Temp_gland;Greet_unc;DM;46;Male;0.21952885;Different;NA;NA;NA;NA;NA;NA;NA
1100;1421;ZEWACT_121221_Exp53;VEC0051b;VEV0301;Vocalisation;183040;185380;2340;Include;Trumpet;NA;NA;NA;NA;NA;NA;NA;NA;NA;NA;NA;NA;NA;No;NV;No;NA;KB;20;Female;Travel;Af_Lit_Greet;Urin_Temp_gland;Greet_unc;DM;46;Male;0.21952885;Different;NA;NA;NA;NA;NA;NA;NA
1101;1422;ZEWACT_121221_Exp53;VEC0051b;VEV0245;Vocalisation;188620;193440;4820;Include;Rumble;NA;NA;NA;NA;NA;NA;NA;NA;NA;NA;NA;NA;NA;No;Unk;No;NA;KB;20;Female;Travel;Af_Lit_Greet;Urin_Temp_gland;Greet_unc;DM;46;Male;0.21952885;Different;NA;NA;NA;NA;NA;NA;NA
1102;1423;ZEWACT_121221_Exp53;VEC0051b;VEV0246;Vocalisation;199520;204000;4480;Include;Rumble;NA;NA;NA;NA;NA;NA;NA;NA;NA;NA;NA;NA;NA;No;Unk;No;NA;KB;20;Female;Travel;Af_Lit_Greet;Urin_Temp_gland;Greet_unc;DM;46;Male;0.21952885;Different;NA;NA;NA;NA;NA;NA;NA
1103;1424;ZEWACT_121221_Exp53;VEC0051b;VEV0247;Vocalisation;211440;216789;5349;Include;Rumble;NA;NA;NA;NA;NA;NA;NA;NA;NA;NA;NA;NA;NA;No;Yes;Yes;NA;KB;20;Female;Travel;Af_Lit_Greet;Urin_Temp_gland;Greet_unc;DM;46;Male;0.21952885;Different;NA;NA;NA;NA;NA;NA;NA
1104;1425;ZEWACT_121221_Exp53;VEC0051b;VEV0248;Vocalisation;220480;225840;5360;Include;Rumble;NA;NA;NA;NA;NA;NA;NA;NA;NA;NA;NA;NA;NA;No;Unk;Yes;NA;KB;20;Female;Travel;Af_Lit_Greet;Urin_Temp_gland;Greet_unc;DM;46;Male;0.21952885;Different;NA;NA;NA;NA;NA;NA;NA
1145;1479;ZEWACT_131221_Exp55;VEC0053a;VEV0251;Vocalisation;163520;165240;1720;Include;Trumpet;NA;NA;NA;NA;NA;NA;NA;NA;NA;NA;NA;NA;NA;No;NV;Yes;NA;MN;26;Male;Travel;Af_Lit_Greet;Urin_Temp_gland;Greet_sgn;DM;46;Male;0.160529737;Same;NA;NA;NA;NA;NA;NA;NA
1146;1480;ZEWACT_131221_Exp55;VEC0053a;VEV0252;Vocalisation;166930;168710;1780;Include;Trumpet;NA;NA;NA;NA;NA;NA;NA;NA;NA;NA;NA;NA;NA;No;NV;Yes;NA;MN;26;Male;Travel;Af_Lit_Greet;Urin_Temp_gland;Greet_sgn;DM;46;Male;0.160529737;Same;NA;NA;NA;NA;NA;NA;NA
1147;1481;ZEWACT_131221_Exp55;VEC0053a;VEV0253;Vocalisation;170770;172090;1320;Include;Trumpet;NA;NA;NA;NA;NA;NA;NA;NA;NA;NA;NA;NA;NA;No;NV;Yes;NA;MN;26;Male;Travel;Af_Lit_Greet;Urin_Temp_gland;Greet_sgn;DM;46;Male;0.160529737;Same;NA;NA;NA;NA;NA;NA;NA
1148;1482;ZEWACT_131221_Exp55;VEC0053a;VEV0254;Vocalisation;174871;180303;5432;Include;Roar;NA;NA;NA;NA;NA;NA;NA;NA;NA;NA;NA;NA;NA;No;NV;Yes;NA;MN;26;Male;Travel;Af_Lit_Greet;Urin_Temp_gland;Greet_sgn;DM;46;Male;0.160529737;Same;NA;NA;NA;NA;NA;NA;NA
1149;1483;ZEWACT_131221_Exp55;VEC0053a;VEV0255;Vocalisation;182756;183676;920;Include;Trumpet;NA;NA;NA;NA;NA;NA;NA;NA;NA;NA;NA;NA;NA;Unk;NV;Yes;NA;MN;26;Male;Travel;Af_Lit_Greet;Urin_Temp_gland;Greet_sgn;DM;46;Male;0.160529737;Same;NA;NA;NA;NA;NA;NA;NA
1150;1484;ZEWACT_131221_Exp55;VEC0053a;VEV0256;Vocalisation;189603;193800;4197;Include;Rumble;NA;NA;NA;NA;NA;NA;NA;NA;NA;NA;NA;NA;NA;No;Yes;Yes;NA;MN;26;Male;Travel;Af_Lit_Greet;Urin_Temp_gland;Greet_sgn;DM;46;Male;0.160529737;Same;NA;NA;NA;NA;NA;NA;NA
1151;1485;ZEWACT_131221_Exp55;VEC0053a;VEV0257;Vocalisation;195060;200100;5040;Include;Rumble;NA;NA;NA;NA;NA;NA;NA;NA;NA;NA;NA;NA;NA;No;Yes;Yes;NA;MN;26;Male;Travel;Af_Lit_Greet;Urin_Temp_gland;Greet_sgn;DM;46;Male;0.160529737;Same;NA;NA;NA;NA;NA;NA;NA
1152;1486;ZEWACT_131221_Exp55;VEC0053a;VEV0258;Vocalisation;201501;203000;1499;Include;Trumpet;NA;NA;NA;NA;NA;NA;NA;NA;NA;NA;NA;NA;NA;No;NV;Yes;NA;MN;26;Male;Travel;Af_Lit_Greet;Urin_Temp_gland;Greet_sgn;DM;46;Male;0.160529737;Same;NA;NA;NA;NA;NA;NA;NA
1153;1487;ZEWACT_131221_Exp55;VEC0053a;VEV0259;Vocalisation;205280;211340;6060;Exclude_end;Rumble;NA;NA;NA;NA;NA;NA;NA;NA;NA;NA;NA;NA;NA;No;Yes;Yes;NA;MN;26;Male;Travel;Af_Lit_Greet;Urin_Temp_gland;Greet_sgn;DM;46;Male;0.160529737;Same;NA;NA;NA;NA;NA;NA;NA
1154;1488;ZEWACT_131221_Exp55;VEC0053a;VEV0260;Vocalisation;213445;219340;5895;Include;Rumble;NA;NA;NA;NA;NA;NA;NA;NA;NA;NA;NA;NA;NA;No;Yes;Yes;NA;MN;26;Male;Travel;Af_Lit_Greet;Urin_Temp_gland;Greet_sgn;DM;46;Male;0.160529737;Same;NA;NA;NA;NA;NA;NA;NA
1155;1489;ZEWACT_131221_Exp55;VEC0053a;VEV0261;Vocalisation;223040;224773;1733;Include;Trumpet;NA;NA;NA;NA;NA;NA;NA;NA;NA;NA;NA;NA;NA;No;NV;Yes;NA;MN;26;Male;Travel;Af_Lit_Greet;Urin_Temp_gland;Greet_sgn;DM;46;Male;0.160529737;Same;NA;NA;NA;NA;NA;NA;NA
1156;1490;ZEWACT_131221_Exp55;VEC0053a;VEV0262;Vocalisation;227826;233733;5907;Exclude_start;Rumble;NA;NA;NA;NA;NA;NA;NA;NA;NA;NA;NA;NA;NA;No;Yes;Yes;NA;MN;26;Male;Travel;Af_Lit_Greet;Urin_Temp_gland;Greet_sgn;DM;46;Male;0.160529737;Same;NA;NA;NA;NA;NA;NA;NA
1179;1518;ZEWACT_131221_Exp55;VEC0053b;VEV0263;Vocalisation;176900;179540;2640;Exclude;Roar;NA;NA;NA;NA;NA;NA;NA;NA;NA;NA;NA;NA;NA;No;NV;Yes;NA;DM;46;Male;Travel;Af_Lit_Greet;Urin_Temp_gland;Greet_rcp;MN;26;Male;0.160529737;Same;NA;NA;NA;NA;NA;NA;NA
1180;1519;ZEWACT_131221_Exp55;VEC0053b;VEV0264;Vocalisation;181740;184006;2266;Exclude_end;Roar;NA;NA;NA;NA;NA;NA;NA;NA;NA;NA;NA;NA;NA;No;NV;Yes;NA;DM;46;Male;Travel;Af_Lit_Greet;Urin_Temp_gland;Greet_rcp;MN;26;Male;0.160529737;Same;NA;NA;NA;NA;NA;NA;NA
1181;1520;ZEWACT_131221_Exp55;VEC0053b;VEV0265;Vocalisation;190160;191959;1799;Exclude;Roar;NA;NA;NA;NA;NA;NA;NA;NA;NA;NA;NA;NA;NA;No;NV;Yes;NA;DM;46;Male;Travel;Af_Lit_Greet;Urin_Temp_gland;Greet_rcp;MN;26;Male;0.160529737;Same;NA;NA;NA;NA;NA;NA;NA
1182;1521;ZEWACT_131221_Exp55;VEC0053b;VEV0266;Vocalisation;193280;196560;3280;Include;Rumble;NA;NA;NA;NA;NA;NA;NA;NA;NA;NA;NA;NA;NA;No;Unk;Yes;NA;DM;46;Male;Travel;Af_Lit_Greet;Urin_Temp_gland;Greet_rcp;MN;26;Male;0.160529737;Same;NA;NA;NA;NA;NA;NA;NA
1183;1522;ZEWACT_131221_Exp55;VEC0053b;VEV0267;Vocalisation;198870;204840;5970;Include;Rumble;NA;NA;NA;NA;NA;NA;NA;NA;NA;NA;NA;NA;NA;No;Yes;Yes;NA;DM;46;Male;Travel;Af_Lit_Greet;Urin_Temp_gland;Greet_rcp;MN;26;Male;0.160529737;Same;NA;NA;NA;NA;NA;NA;NA
1184;1523;ZEWACT_131221_Exp55;VEC0053b;VEV0268;Vocalisation;208800;210700;1900;Exclude_end;Roar;NA;NA;NA;NA;NA;NA;NA;NA;NA;NA;NA;NA;NA;No;NV;Yes;NA;DM;46;Male;Travel;Af_Lit_Greet;Urin_Temp_gland;Greet_rcp;MN;26;Male;0.160529737;Same;NA;NA;NA;NA;NA;NA;NA
1185;1524;ZEWACT_131221_Exp55;VEC0053b;VEV0269;Vocalisation;217142;218560;1418;Include;Rumble;NA;NA;NA;NA;NA;NA;NA;NA;NA;NA;NA;NA;NA;No;Unk;Yes;NA;DM;46;Male;Travel;Af_Lit_Greet;Urin_Temp_gland;Greet_rcp;MN;26;Male;0.160529737;Same;NA;NA;NA;NA;NA;NA;NA
1186;1525;ZEWACT_131221_Exp55;VEC0053b;VEV0270;Vocalisation;225466;231826;6360;Include;Rumble;NA;NA;NA;NA;NA;NA;NA;NA;NA;NA;NA;NA;NA;No;Unk;Yes;NA;DM;46;Male;Travel;Af_Lit_Greet;Urin_Temp_gland;Greet_rcp;MN;26;Male;0.160529737;Same;NA;NA;NA;NA;NA;NA;NA
1190;1536;ZEWACT_131221_Exp56;VEC0054a;VEV0271;Vocalisation;91293;93873;2580;Exclude_end;Rumble;NA;NA;NA;NA;NA;NA;NA;NA;NA;NA;NA;NA;NA;Yes;Unk;Yes;NA;KB;20;Female;Travel;Af_Lit_Greet;None;Greet_unc;HW;20;Female;0.375132225;Same;NA;NA;NA;NA;NA;NA;NA
1194;1542;ZEWACT_131221_Exp56;VEC0054b;VEV0272;Vocalisation;95280;97986;2706;Include;Rumble;NA;NA;NA;NA;NA;NA;NA;NA;NA;NA;NA;NA;NA;No;Unk;No;NA;HW;20;Female;Travel;Af_Lit_Greet;None;Greet_unc;KB;20;Female;0.375132225;Same;NA;NA;NA;NA;NA;NA;NA
1204;1557;ZEWACT_151221_Exp57;VEC0055b;VEV0274;Vocalisation;200160;202740;2580;Exclude;Rumble;NA;NA;NA;NA;NA;NA;NA;NA;NA;NA;NA;NA;NA;No;Unk;Yes;NA;HW;20;Female;Travel;Af_Lit_Greet;None;Greet_unc;DM;46;Male;0.15680396;Different;NA;NA;NA;NA;NA;NA;NA
1205;1559;ZEWACT_151221_Exp57;VEC0055b;VEV0276;Vocalisation;215299;217245;1946;Exclude_start;Rumble;NA;NA;NA;NA;NA;NA;NA;NA;NA;NA;NA;NA;NA;Yes;Unk;Yes;NA;HW;20;Female;Travel;Af_Lit_Greet;None;Greet_unc;DM;46;Male;0.15680396;Different;NA;NA;NA;NA;NA;NA;NA
1206;1560;ZEWACT_151221_Exp57;VEC0055b;VEV0277;Vocalisation;231620;236540;4920;Include;Rumble;NA;NA;NA;NA;NA;NA;NA;NA;NA;NA;NA;NA;NA;No;Yes;Yes;NA;HW;20;Female;Travel;Af_Lit_Greet;None;Greet_unc;DM;46;Male;0.15680396;Different;NA;NA;NA;NA;NA;NA;NA
1207;1561;ZEWACT_151221_Exp57;VEC0055b;VEV0278;Vocalisation;240160;244703;4543;Include;Rumble;NA;NA;NA;NA;NA;NA;NA;NA;NA;NA;NA;NA;NA;No;Yes;Yes;NA;HW;20;Female;Travel;Af_Lit_Greet;None;Greet_unc;DM;46;Male;0.15680396;Different;NA;NA;NA;NA;NA;NA;NA
1220;1594;ZEWACT_151221_Exp58;VEC0056a;VEV0279;Vocalisation;287920;289740;1820;Include;Rumble;NA;NA;NA;NA;NA;NA;NA;NA;NA;NA;NA;NA;NA;No;No;Yes;NA;TT;40;Female;Travel;Af_Lit_Greet;Urin_Temp_gland;Greet_sgn;DM;46;Male;0.148925335;Different;NA;NA;NA;NA;NA;NA;NA
1221;1595;ZEWACT_151221_Exp58;VEC0056a;VEV0280;Vocalisation;292100;295640;3540;Exclude;Rumble;NA;NA;NA;NA;NA;NA;NA;NA;NA;NA;NA;NA;NA;No;Unk;Yes;NA;TT;40;Female;Travel;Af_Lit_Greet;Urin_Temp_gland;Greet_sgn;DM;46;Male;0.148925335;Different;NA;NA;NA;NA;NA;NA;NA
1222;1596;ZEWACT_151221_Exp58;VEC0056a;VEV0281;Vocalisation;300120;306320;6200;Include;Rumble;NA;NA;NA;NA;NA;NA;NA;NA;NA;NA;NA;NA;NA;No;Unk;Yes;NA;TT;40;Female;Travel;Af_Lit_Greet;Urin_Temp_gland;Greet_sgn;DM;46;Male;0.148925335;Different;NA;NA;NA;NA;NA;NA;NA
1223;1597;ZEWACT_151221_Exp58;VEC0056a;VEV0282;Vocalisation;310520;312480;1960;Exclude;Rumble;NA;NA;NA;NA;NA;NA;NA;NA;NA;NA;NA;NA;NA;No;Unk;Yes;NA;TT;40;Female;Travel;Af_Lit_Greet;Urin_Temp_gland;Greet_sgn;DM;46;Male;0.148925335;Different;NA;NA;NA;NA;NA;NA;NA
1224;1598;ZEWACT_151221_Exp58;VEC0056a;VEV0283;Vocalisation;314040;315580;1540;Include;Rumble;NA;NA;NA;NA;NA;NA;NA;NA;NA;NA;NA;NA;NA;No;Unk;Yes;NA;TT;40;Female;Travel;Af_Lit_Greet;Urin_Temp_gland;Greet_sgn;DM;46;Male;0.148925335;Different;NA;NA;NA;NA;NA;NA;NA
1240;1618;ZEWACT_151221_Exp58;VEC0056b;VEV0284;Vocalisation;285020;288320;3300;Include;Rumble;NA;NA;NA;NA;NA;NA;NA;NA;NA;NA;NA;NA;NA;No;Yes;Yes;NA;DM;46;Male;Travel;Af_Lit_Greet;Urin_Temp_gland;Greet_rcp;TT;40;Female;0.148925335;Different;NA;NA;NA;NA;NA;NA;NA
1241;1619;ZEWACT_151221_Exp58;VEC0056b;VEV0285;Vocalisation;292100;295640;3540;Exclude;Rumble;NA;NA;NA;NA;NA;NA;NA;NA;NA;NA;NA;NA;NA;No;Yes;Yes;NA;DM;46;Male;Travel;Af_Lit_Greet;Urin_Temp_gland;Greet_rcp;TT;40;Female;0.148925335;Different;NA;NA;NA;NA;NA;NA;NA
1242;1620;ZEWACT_151221_Exp58;VEC0056b;VEV0286;Vocalisation;298840;301860;3020;Exclude_end;Rumble;NA;NA;NA;NA;NA;NA;NA;NA;NA;NA;NA;NA;NA;No;Yes;Yes;NA;DM;46;Male;Travel;Af_Lit_Greet;Urin_Temp_gland;Greet_rcp;TT;40;Female;0.148925335;Different;NA;NA;NA;NA;NA;NA;NA
1243;1621;ZEWACT_151221_Exp58;VEC0056b;VEV0287;Vocalisation;312500;314760;2260;Exclude_end;Rumble;NA;NA;NA;NA;NA;NA;NA;NA;NA;NA;NA;NA;NA;No;Yes;Yes;NA;DM;46;Male;Travel;Af_Lit_Greet;Urin_Temp_gland;Greet_rcp;TT;40;Female;0.148925335;Different;NA;NA;NA;NA;NA;NA;NA
1251;1630;ZEWACT_161221_Exp59;VEC0057a;VEV0288;Vocalisation;335280;338160;2880;Exclude;Rumble;NA;NA;NA;NA;NA;NA;NA;NA;NA;NA;NA;NA;NA;No;Unk;Yes;NA;DM;46;Male;Travel;Af_Lit_Greet;Unk;Greet_unc;KB;20;Female;0.21952885;Different;NA;NA;NA;NA;NA;NA;NA
1261;1642;ZEWACT_161221_Exp59;VEC0057b;VEV0289;Vocalisation;296000;297200;1200;Exclude;Rumble;NA;NA;NA;NA;NA;NA;NA;NA;NA;NA;NA;NA;NA;No;Unk;No;NA;KB;20;Female;Travel;Af_Lit_Greet;Unk;Greet_unc;DM;46;Male;0.21952885;Different;NA;NA;NA;NA;NA;NA;NA
1262;1643;ZEWACT_161221_Exp59;VEC0057b;VEV0290;Vocalisation;302270;304310;2040;Exclude;Rumble;NA;NA;NA;NA;NA;NA;NA;NA;NA;NA;NA;NA;NA;No;Unk;No;NA;KB;20;Female;Travel;Af_Lit_Greet;Unk;Greet_unc;DM;46;Male;0.21952885;Different;NA;NA;NA;NA;NA;NA;NA
1263;1644;ZEWACT_161221_Exp59;VEC0057b;VEV0291;Vocalisation;307620;309200;1580;Exclude;Rumble;NA;NA;NA;NA;NA;NA;NA;NA;NA;NA;NA;NA;NA;No;Unk;No;NA;KB;20;Female;Travel;Af_Lit_Greet;Unk;Greet_unc;DM;46;Male;0.21952885;Different;NA;NA;NA;NA;NA;NA;NA
1264;1645;ZEWACT_161221_Exp59;VEC0057b;VEV0292;Vocalisation;313500;315120;1620;Exclude;Rumble;NA;NA;NA;NA;NA;NA;NA;NA;NA;NA;NA;NA;NA;No;Unk;No;NA;KB;20;Female;Travel;Af_Lit_Greet;Unk;Greet_unc;DM;46;Male;0.21952885;Different;NA;NA;NA;NA;NA;NA;NA
1265;1646;ZEWACT_161221_Exp59;VEC0057b;VEV0293;Vocalisation;320680;322056;1376;Exclude;Rumble;NA;NA;NA;NA;NA;NA;NA;NA;NA;NA;NA;NA;NA;No;Unk;Yes;NA;KB;20;Female;Travel;Af_Lit_Greet;Unk;Greet_unc;DM;46;Male;0.21952885;Different;NA;NA;NA;NA;NA;NA;NA
1266;1647;ZEWACT_161221_Exp59;VEC0057b;VEV0294;Vocalisation;326200;331160;4960;Include;Rumble;NA;NA;NA;NA;NA;NA;NA;NA;NA;NA;NA;NA;NA;No;Yes;Yes;NA;KB;20;Female;Travel;Af_Lit_Greet;Unk;Greet_unc;DM;46;Male;0.21952885;Different;NA;NA;NA;NA;NA;NA;NA
1267;1648;ZEWACT_161221_Exp59;VEC0057b;VEV0295;Vocalisation;335280;338160;2880;Exclude;Rumble;NA;NA;NA;NA;NA;NA;NA;NA;NA;NA;NA;NA;NA;No;Yes;Yes;NA;KB;20;Female;Travel;Af_Lit_Greet;Unk;Greet_unc;DM;46;Male;0.21952885;Different;NA;NA;NA;NA;NA;NA;NA
1278;1659;ZEWACT_161221_Exp60;VEC0058a;VEV0296;Vocalisation;178640;183560;4920;Include;Rumble;NA;NA;NA;NA;NA;NA;NA;NA;NA;NA;NA;NA;NA;No;Yes;Yes;NA;HW;20;Female;Travel;Af_Lit_Greet;Temp_gland_secr;Greet_unc;MS;20;Female;0.122442521;Same;NA;NA;NA;NA;NA;NA;NA
1279;1660;ZEWACT_161221_Exp60;VEC0058a;VEV0297;Vocalisation;204773;210480;5707;Include;Rumble;NA;NA;NA;NA;NA;NA;NA;NA;NA;NA;NA;NA;NA;No;Yes;Yes;NA;HW;20;Female;Travel;Af_Lit_Greet;Temp_gland_secr;Greet_unc;MS;20;Female;0.122442521;Same;NA;NA;NA;NA;NA;NA;NA
1282;1663;ZEWACT_161221_Exp60;VEC0058b;VEV0302;Vocalisation;206333;207240;907;Include;Rumble;NA;NA;NA;NA;NA;NA;NA;NA;NA;NA;NA;NA;NA;No;Yes;Yes;NA;HW;20;Female;Travel;Af_Lit_Greet;Temp_gland_secr;Greet_unc;MS;20;Female;0.122442521;Same;NA;NA;NA;NA;NA;NA;NA